2.008227891079472,-0.5130775828799559,2.0082278677995546,-0.4630240118575356,2.0082218659790607,-0.2878365132790647,2.0082217729965084,-0.4630240118575356,2.008220355273126,-0.5130775828799559,2.0082196349781083,11.977994308290159,2.0082177999581763,-0.4004570480795102,2.008212230236144,3.536540878225394E-4,2.0082086139636766,-0.4503251831346852,2.0082085907927163,-0.45131248982310246,2.008208359090306,0.7257482999249457,2.008208359090306,0.1000786621446924,2.008208127400976,-0.07309524383851036,2.008204213828671,0.01191957028415143,2.008204051808531,-0.00696246366084781,2.008235160851835,-0.4004570480795102,2.008235160851835,-0.5130775828799559,2.008235160851835,-0.5005641901243507,2.008235184173041,-0.48805079736874574,2.0082352308158486,0.8521771133633466,2.008238007014204,-0.5130775828799559,2.0082383804273305,0.1013300014202529,2.008238403766775,0.14138024113991496,2.008238403766775,-0.5130775828799559,2.008238590487091,-0.500880090724466,2.0082395242156443,-0.5103279525228029,2.0082397576808537,-0.5005641901243507,2.008241345595216,-0.5130775828799559,2.0082427238404064,0.8521771133633466,2.0082427472044673,-0.4630240118575356
2.0082280773235546,-0.5118262436043953,2.008227914359521,-0.5130775828799559,2.0082218659790607,-0.2878365132790647,2.0082217729965084,-0.4630240118575356,2.008220355273126,-0.5130775828799559,2.0082196349781083,11.977994308290159,2.0082177999581763,-0.4004570480795102,2.0082086139636766,-0.4503251831346852,2.0082085907927163,-0.45131248982310246,2.008208359090306,0.7257482999249457,2.008208359090306,0.1000786621446924,2.008208127400976,-0.07309524383851036,2.008204213828671,0.01191957028415143,2.008204051808531,-0.00696246366084781,2.0081998646514774,-0.4132207086902274,2.0082350675683327,-0.4004570480795102,2.0082350675683327,-0.5005641901243507,2.0082350908890105,-0.4630240118575356,2.008235160851835,-0.5130775828799559,2.008235184173041,-0.48805079736874574,2.0082383804273305,0.1013300014202529,2.008238403766775,0.14138024113991496,2.008238403766775,-0.5130775828799559,2.008238590487091,-0.500880090724466,2.0082395242156443,-0.5103279525228029,2.0082397576808537,-0.5005641901243507,2.008241345595216,-0.5130775828799559,2.0082427472044673,-0.4630240118575356,2.00824319114679,-0.2913424280675808,2.008243261247318,0.600614372368895
2.0082280773235546,-0.5118262436043953,2.008227914359521,-0.5130775828799559,2.0082218659790607,-0.2878365132790647,2.0082217729965084,-0.4630240118575356,2.008220355273126,-0.5130775828799559,2.0082196349781083,11.977994308290159,2.0082177999581763,-0.4004570480795102,2.0082086139636766,-0.4503251831346852,2.0082085907927163,-0.45131248982310246,2.008208359090306,0.7257482999249457,2.008208359090306,0.1000786621446924,2.008208127400976,-0.07309524383851036,2.008204213828671,0.01191957028415143,2.008204051808531,-0.00696246366084781,2.0081998646514774,-0.4132207086902274,2.0082349976070932,-0.4630240118575356,2.0082350209273745,-0.4004570480795102,2.0082350442477876,0.8521712821223223,2.0082351375307614,-0.5005641901243507,2.008235160851835,-0.5130775828799559,2.008235184173041,-0.48805079736874574,2.0082378203203346,-0.5130775828799559,2.0082378436566053,0.1013300014202529,2.008238403766775,0.14138024113991496,2.008238403766775,-0.5130775828799559,2.008238590487091,-0.500880090724466,2.0082395242156443,-0.5103279525228029,2.0082397576808537,-0.5005641901243507,2.008241345595216,-0.5130775828799559,2.0082427238404064,0.8521712821223223
2.0082280773235546,-0.5118262436043953,2.008227914359521,-0.5130775828799559,2.0082215173053326,-0.4004570480795102,2.0082207270876915,-0.4630240118575356,2.008220355273126,-0.5130775828799559,2.0082177999581763,-0.4004570480795102,2.0082086139636766,-0.4503251831346852,2.0082085907927163,-0.45131248982310246,2.008208359090306,0.7257482999249457,2.008208359090306,0.1000786621446924,2.008208127400976,-0.07309524383851036,2.008204051808531,-0.00696246366084781,2.0081998646514774,-0.4132207086902274,2.008199841529885,-0.1741634770139451,2.0081997490448193,0.11569206025460735,2.0082349043272893,-0.4630240118575356,2.008234927647042,-0.4004570480795102,2.008234927647042,-0.5005641901243507,2.0082349509669273,-0.5130775828799559,2.0082350442477876,0.8521712821223223,2.0082378436566053,-0.5130775828799559,2.008238403766775,0.14138024113991496,2.008238403766775,-0.5130775828799559,2.008238590487091,-0.500880090724466,2.0082395242156443,-0.5103279525228029,2.0082397576808537,-0.5005641901243507,2.008241345595216,-0.5130775828799559,2.0082419996202105,-0.3602257270532819,2.0082427238404064,0.8521712821223223,2.0082427472044673,-0.4630240118575356
2.0082281238858926,-0.01867606291847835,2.0082280773235546,-0.5118262436043953,2.0082215405493278,-0.5130775828799559,2.0082215173053326,-0.4004570480795102,2.0082207270876915,-0.4630240118575356,2.008220355273126,-0.5130775828799559,2.0082196582114613,-0.37047437090762103,2.0082195652788375,-0.4630240118575356,2.0082177999581763,-0.4004570480795102,2.0082086139636766,-0.4503251831346852,2.0082085907927163,-0.45131248982310246,2.008208359090306,0.7257482999249457,2.008208359090306,0.1000786621446924,2.008208127400976,-0.07309524383851036,2.008204051808531,-0.00696246366084781,2.00823485768818,-0.4630240118575356,2.00823485768818,-0.3710400888807091,2.00823485768818,-0.5005641901243507,2.0082348810076684,-0.3603682545967682,2.0082348810076684,-0.5130775828799559,2.0082379603399434,-0.5130775828799559,2.0082383104097907,-0.037568658166963316,2.0082383804273305,0.1013300014202529,2.008238403766775,0.14138024113991496,2.008238403766775,-0.5130775828799559,2.008238590487091,-0.500880090724466,2.0082395242156443,-0.5103279525228029,2.0082397576808537,-0.5005641901243507,2.008241345595216,-0.5130775828799559,2.0082419996202105,-0.3602257270532819
2.0082329226309112,-0.3027219322520295,2.0082281238858926,-0.01867606291847835,2.0082280773235546,-0.5118262436043953,2.0082275651726147,1.1445421489820717,2.008223702815515,0.38170215136843527,2.008223702815515,0.30106096822814155,2.008223702815515,-0.27011164281574723,2.008223702815515,-0.13052724930552384,2.0082233539859797,0.5802605256813743,2.008223330731729,-0.1586941080546473,2.008221796241949,-0.1705222423961699,2.0082215405493278,-0.5130775828799559,2.0082207038482958,-0.48798291221304657,2.0082206806090315,0.020233831319365347,2.008220587653288,0.09673841216286769,2.0082347644115455,-0.3603705946012135,2.008234787730506,-0.4630240118575356,2.008234787730506,-0.48805079736874574,2.0082348110495984,0.8521557154617345,2.008237213623694,-0.5130775828799559,2.0082382870708755,-0.5005641901243507,2.0082382870708755,0.1013300014202529,2.0082383570880182,-0.5130775828799559,2.008238403766775,0.14138024113991496,2.008238403766775,-0.5130775828799559,2.008238590487091,-0.500880090724466,2.0082395242156443,-0.5103279525228029,2.0082397576808537,-0.5005641901243507,2.008241345595216,-0.5130775828799559,2.0082419996202105,-0.3602257270532819
2.0082329226309112,-0.3027219322520295,2.00822821701215,-0.2878365132790647,2.0082281471672596,-0.4630240118575356,2.0082281238858926,-0.01867606291847835,2.0082280773235546,-0.5118262436043953,2.0082275651726147,1.1445421489820717,2.008223702815515,0.38170215136843527,2.008223702815515,0.30106096822814155,2.008223702815515,-0.27011164281574723,2.008223702815515,-0.13052724930552384,2.0082233539859797,0.5802605256813743,2.008223330731729,-0.1586941080546473,2.008221796241949,-0.1705222423961699,2.0082215405493278,-0.5130775828799559,2.0082207038482958,-0.48798291221304657,2.0082347410927173,-0.3950786291990454,2.0082347644115455,-0.3603705946012135,2.008234787730506,-0.48805079736874574,2.0082348110495984,0.8521557154617345,2.0082370736294677,-0.5130775828799559,2.0082370736294677,-0.5005641901243507,2.0082370969615084,-0.5130775828799559,2.0082382870708755,0.1013300014202529,2.0082383104097907,-0.037568658166963316,2.008238403766775,0.14138024113991496,2.008238403766775,-0.5130775828799559,2.008238590487091,-0.500880090724466,2.0082395242156443,-0.5103279525228029,2.0082397576808537,-0.5005641901243507,2.008241345595216,-0.5130775828799559
2.0082329226309112,-0.3027219322520295,2.0082282402940437,-0.2878365132790647,2.0082281471672596,-0.4630240118575356,2.0082281238858926,-0.01867606291847835,2.0082280773235546,-0.5118262436043953,2.0082275651726147,1.1445421489820717,2.008223702815515,0.38170215136843527,2.008223702815515,0.30106096822814155,2.008223702815515,-0.27011164281574723,2.008223702815515,-0.13052724930552384,2.0082233539859797,0.5802605256813743,2.008223330731729,-0.1586941080546473,2.008221796241949,-0.1705222423961699,2.0082215405493278,-0.5130775828799559,2.0082207038482958,-0.48798291221304657,2.0082347410927173,-0.3950786291990454,2.0082347644115455,-0.3603705946012135,2.008234787730506,-0.48805079736874574,2.0082370736294677,-0.5130775828799559,2.0082370736294677,-0.5005641901243507,2.0082370736294677,0.1013300014202529,2.0082370969615084,-0.5130775828799559,2.008238403766775,0.14138024113991496,2.008238403766775,-0.5130775828799559,2.008238590487091,-0.500880090724466,2.0082395242156443,-0.5103279525228029,2.0082397576808537,-0.5005641901243507,2.008241345595216,-0.5130775828799559,2.0082419996202105,-0.3602257270532819,2.0082427472044673,-0.4630240118575356
2.0082329226309112,-0.3027219322520295,2.0082282402940437,-0.2878365132790647,2.0082281238858926,-0.01867606291847835,2.0082275651726147,1.1445421489820717,2.008223702815515,0.38170215136843527,2.008223702815515,0.30106096822814155,2.008223702815515,-0.27011164281574723,2.008223702815515,-0.13052724930552384,2.0082233539859797,0.5802605256813743,2.008223330731729,-0.1586941080546473,2.008221796241949,-0.1705222423961699,2.0082215405493278,-0.5130775828799559,2.0082207038482958,-0.48798291221304657,2.0082206806090315,0.020233831319365347,2.008220587653288,0.09673841216286769,2.0082347410927173,-0.3950786291990454,2.0082347644115455,-0.3603705946012135,2.008234787730506,-0.48805079736874574,2.0082370736294677,-0.5130775828799559,2.0082370736294677,-0.5005641901243507,2.0082370736294677,0.1013300014202529,2.0082370969615084,-0.5130775828799559,2.008238403766775,0.14138024113991496,2.008238403766775,-0.5130775828799559,2.008238590487091,-0.500880090724466,2.0082395242156443,-0.5103279525228029,2.0082397576808537,-0.5005641901243507,2.008241345595216,-0.5130775828799559,2.0082419996202105,-0.3602257270532819,2.0082427472044673,-0.4630240118575356
2.008233039174884,-0.5118262436043953,2.0082281471672596,-0.5130775828799559,2.0082281238858926,-0.01867606291847835,2.0082275651726147,1.1445421489820717,2.008223795841723,-0.2878365132790647,2.008223702815515,0.38170215136843527,2.008223702815515,0.30106096822814155,2.008223702815515,-0.27011164281574723,2.008223702815515,-0.13052724930552384,2.0082233539859797,0.5802605256813743,2.008223330731729,-0.1586941080546473,2.008221796241949,-0.1705222423961699,2.0082215405493278,-0.5130775828799559,2.0082207038482958,-0.48798291221304657,2.0082206806090315,0.020233831319365347,2.008234717774021,-0.4004570480795102,2.0082347644115455,-0.3603705946012135,2.0082347644115455,-0.48805079736874574,2.0082370502975593,-0.5130775828799559,2.0082370502975593,-0.5005641901243507,2.0082370736294677,0.1013300014202529,2.0082380536889937,-0.5130775828799559,2.008238403766775,0.14138024113991496,2.008238403766775,-0.5130775828799559,2.008238590487091,-0.500880090724466,2.0082395242156443,-0.5103279525228029,2.0082397576808537,-0.5005641901243507,2.008241252171547,-0.037568658166963316,2.008241345595216,-0.5130775828799559,2.0082419996202105,-0.3602257270532819
2.008233039174884,-0.5118262436043953,2.0082289620981024,-0.5130775828799559,2.0082282402940437,-0.2878365132790647,2.0082281471672596,-0.4630240118575356,2.0082281238858926,-0.01867606291847835,2.0082275651726147,1.1445421489820717,2.008223702815515,0.38170215136843527,2.008223702815515,0.30106096822814155,2.008223702815515,-0.27011164281574723,2.008223702815515,-0.13052724930552384,2.0082233539859797,0.5802605256813743,2.008223330731729,-0.1586941080546473,2.008221796241949,-0.1705222423961699,2.0082215405493278,-0.5130775828799559,2.0082207038482958,-0.48798291221304657,2.0082347410927173,-0.4004570480795102,2.0082347644115455,-0.3603705946012135,2.0082347644115455,-0.48805079736874574,2.008236630345808,-0.5130775828799559,2.0082366770049993,0.1013300014202529,2.008238077026587,-0.5130775828799559,2.008238403766775,0.14138024113991496,2.008238403766775,-0.5130775828799559,2.008238590487091,-0.500880090724466,2.0082395242156443,-0.5103279525228029,2.0082397576808537,-0.5005641901243507,2.008241345595216,-0.5130775828799559,2.0082419996202105,-0.3602257270532819,2.0082427472044673,-0.4630240118575356,2.0082429341217223,-0.037568658166963316
2.008233039174884,-0.5118262436043953,2.0082289620981024,-0.5130775828799559,2.0082282402940437,-0.2878365132790647,2.0082282402940437,-0.48805079736874574,2.0082281238858926,-0.01867606291847835,2.0082275651726147,1.1445421489820717,2.008223702815515,0.38170215136843527,2.008223702815515,0.30106096822814155,2.008223702815515,-0.27011164281574723,2.008223702815515,-0.13052724930552384,2.0082233539859797,0.5802605256813743,2.008223330731729,-0.1586941080546473,2.008221796241949,-0.1705222423961699,2.0082215405493278,-0.5130775828799559,2.0082207038482958,-0.48798291221304657,2.0082347410927173,-0.4004570480795102,2.0082347644115455,-0.3603705946012135,2.0082347644115455,-0.48805079736874574,2.008236630345808,-0.5130775828799559,2.0082366770049993,0.1013300014202529,2.008238077026587,-0.5130775828799559,2.008238403766775,0.14138024113991496,2.008238403766775,-0.5130775828799559,2.008238590487091,-0.500880090724466,2.0082395242156443,-0.5103279525228029,2.0082397576808537,-0.5005641901243507,2.008241345595216,-0.5130775828799559,2.0082419996202105,-0.3602257270532819,2.0082427472044673,-0.4630240118575356,2.0082429341217223,-0.037568658166963316
2.008233039174884,-0.5118262436043953,2.008229078529972,-0.2878365132790647,2.008228985384213,-0.4630240118575356,2.0082289620981024,-0.5130775828799559,2.0082281238858926,-0.01867606291847835,2.0082275651726147,1.1445421489820717,2.008223702815515,0.38170215136843527,2.008223702815515,0.30106096822814155,2.008223702815515,-0.27011164281574723,2.008223702815515,-0.13052724930552384,2.0082233539859797,0.5802605256813743,2.008223330731729,-0.1586941080546473,2.008221796241949,-0.1705222423961699,2.0082215405493278,-0.5130775828799559,2.0082207038482958,-0.48798291221304657,2.0082347410927173,-0.4004570480795102,2.0082347644115455,-0.3603705946012135,2.0082347644115455,-0.48805079736874574,2.008236630345808,-0.5130775828799559,2.0082366536753375,0.1013300014202529,2.0082380536889937,-0.5005641901243507,2.008238077026587,-0.5130775828799559,2.008238403766775,0.14138024113991496,2.008238403766775,-0.5130775828799559,2.008238590487091,-0.500880090724466,2.0082395242156443,-0.5103279525228029,2.0082397576808537,-0.5005641901243507,2.008241345595216,-0.5130775828799559,2.0082419996202105,-0.3602257270532819,2.0082426303854874,-0.037568658166963316
2.008233039174884,-0.5118262436043953,2.00822917167784,-0.2878365132790647,2.00822917167784,-0.48805079736874574,2.0082289620981024,-0.5130775828799559,2.0082281238858926,-0.01867606291847835,2.0082275651726147,1.1445421489820717,2.008223702815515,0.38170215136843527,2.008223702815515,0.30106096822814155,2.008223702815515,-0.27011164281574723,2.008223702815515,-0.13052724930552384,2.0082233539859797,0.5802605256813743,2.008223330731729,-0.1586941080546473,2.008221796241949,-0.1705222423961699,2.0082215405493278,-0.5130775828799559,2.0082207038482958,-0.48798291221304657,2.0082347410927173,-0.4004570480795102,2.0082347644115455,-0.3603705946012135,2.0082347644115455,-0.48805079736874574,2.008236630345808,-0.5130775828799559,2.008236630345808,-0.5005641901243507,2.0082366536753375,0.1013300014202529,2.008238077026587,-0.5130775828799559,2.008238403766775,0.14138024113991496,2.008238403766775,-0.5130775828799559,2.008238590487091,-0.500880090724466,2.0082395242156443,-0.5103279525228029,2.0082397576808537,-0.5005641901243507,2.008241345595216,-0.5130775828799559,2.0082419996202105,-0.3602257270532819,2.0082427472044673,-0.4630240118575356
2.008233039174884,-0.5118262436043953,2.008229078529972,-0.2878365132790647,2.008229078529972,-0.48805079736874574,2.008228985384213,-0.4630240118575356,2.0082289620981024,-0.5130775828799559,2.0082281238858926,-0.01867606291847835,2.0082275651726147,1.1445421489820717,2.008223702815515,0.38170215136843527,2.008223702815515,0.30106096822814155,2.008223702815515,-0.27011164281574723,2.008223702815515,-0.13052724930552384,2.0082233539859797,0.5802605256813743,2.008223330731729,-0.1586941080546473,2.008221796241949,-0.1705222423961699,2.0082215405493278,-0.5130775828799559,2.0082347410927173,-0.4004570480795102,2.0082347644115455,-0.3603705946012135,2.0082347644115455,-0.48805079736874574,2.008236630345808,-0.5130775828799559,2.008236630345808,-0.5005641901243507,2.0082366536753375,0.1013300014202529,2.008238077026587,-0.5130775828799559,2.008238403766775,0.14138024113991496,2.008238403766775,-0.5130775828799559,2.008238590487091,-0.500880090724466,2.0082395242156443,-0.5103279525228029,2.0082397576808537,-0.5005641901243507,2.008241345595216,-0.5130775828799559,2.0082419996202105,-0.3602257270532819,2.0082427472044673,-0.4630240118575356
2.008233039174884,-0.5118262436043953,2.008229194965136,-0.2878365132790647,2.0082291018167413,-0.4630240118575356,2.0082289620981024,-0.5130775828799559,2.0082281238858926,-0.01867606291847835,2.0082275651726147,1.1445421489820717,2.008223702815515,0.38170215136843527,2.008223702815515,0.30106096822814155,2.008223702815515,-0.27011164281574723,2.008223702815515,-0.13052724930552384,2.0082233539859797,0.5802605256813743,2.008223330731729,-0.1586941080546473,2.008221796241949,-0.1705222423961699,2.0082215405493278,-0.5130775828799559,2.0082207038482958,-0.48798291221304657,2.0082347410927173,-0.4004570480795102,2.0082347644115455,-0.3603705946012135,2.008236630345808,-0.5130775828799559,2.008236630345808,-0.5005641901243507,2.008236630345808,0.1013300014202529,2.008238077026587,-0.5130775828799559,2.008238403766775,0.14138024113991496,2.008238403766775,-0.5130775828799559,2.008238590487091,-0.500880090724466,2.0082395242156443,-0.5103279525228029,2.0082397576808537,-0.5005641901243507,2.008241345595216,-0.5130775828799559,2.0082419996202105,-0.3602257270532819,2.0082426303854874,-0.037568658166963316,2.0082427238404064,0.8525586467084649
2.008233039174884,-0.5118262436043953,2.008229311403596,-0.2878365132790647,2.0082292182525645,-0.4630240118575356,2.0082289620981024,-0.5130775828799559,2.0082281238858926,-0.01867606291847835,2.0082275651726147,1.1445421489820717,2.008223702815515,0.38170215136843527,2.008223702815515,0.30106096822814155,2.008223702815515,-0.27011164281574723,2.008223702815515,-0.13052724930552384,2.0082233539859797,0.5802605256813743,2.008223330731729,-0.1586941080546473,2.008221796241949,-0.1705222423961699,2.0082215405493278,-0.5130775828799559,2.0082207038482958,-0.48798291221304657,2.0082347410927173,-0.4004570480795102,2.0082347644115455,-0.3603705946012135,2.0082347644115455,-0.48805079736874574,2.008236630345808,-0.5130775828799559,2.008236630345808,-0.5005641901243507,2.008236630345808,0.1013300014202529,2.008238403766775,0.14138024113991496,2.008238403766775,-0.5130775828799559,2.008238590487091,-0.500880090724466,2.0082395242156443,-0.5103279525228029,2.0082397576808537,-0.5005641901243507,2.008241345595216,-0.5130775828799559,2.0082419996202105,-0.3602257270532819,2.008242607022089,0.8525586467084649,2.0082427472044673,-0.4630240118575356
2.0082281471672596,-0.4630240118575356,2.0082281238858926,-0.01867606291847835,2.0082275651726147,1.1445421489820717,2.0082263781587963,-0.5130775828799559,2.008223702815515,0.38170215136843527,2.008223702815515,0.30106096822814155,2.008223702815515,-0.27011164281574723,2.008223702815515,-0.13052724930552384,2.0082233539859797,0.5802605256813743,2.008223330731729,-0.1586941080546473,2.008221796241949,-0.1705222423961699,2.0082215405493278,-0.5130775828799559,2.0082207038482958,-0.48798291221304657,2.0082206806090315,0.020233831319365347,2.008220587653288,0.09673841216286769,2.0082346944554565,-0.34276044692267943,2.0082346944554565,-0.5130775828799559,2.0082346944554565,-0.48805079736874574,2.0082346944554565,-0.5005641901243507,2.008234717774021,-0.48805079736874574,2.008236607016411,0.1013300014202529,2.008238403766775,0.14138024113991496,2.008238403766775,-0.5130775828799559,2.008238590487091,-0.500880090724466,2.0082395242156443,-0.5103279525228029,2.0082397576808537,-0.5005641901243507,2.008241345595216,-0.5130775828799559,2.0082419996202105,-0.3602257270532819,2.008242607022089,0.8525586467084649,2.0082427472044673,-0.4630240118575356
2.0082281238858926,-0.031189455674083426,2.0082275651726147,1.1445421489820717,2.0082253543436264,-0.5130775828799559,2.008223795841723,-0.3741789232927396,2.008223702815515,0.38170215136843527,2.008223702815515,0.30106096822814155,2.008223702815515,-0.27011164281574723,2.008223702815515,-0.13052724930552384,2.0082233539859797,0.5802605256813743,2.008223330731729,-0.1586941080546473,2.008221796241949,-0.1705222423961699,2.0082215405493278,-0.5130775828799559,2.0082207038482958,-0.48798291221304657,2.0082206806090315,0.020233831319365347,2.008220587653288,0.09673841216286769,2.0082346011825205,-0.4004570480795102,2.0082346245005565,-0.4505106191019305,2.0082346245005565,-0.5005641901243507,2.0082346245005565,-0.48805079736874574,2.0082346711370245,-0.5130775828799559,2.0082346944554565,-0.500883932336042,2.008234717774021,-0.48805079736874574,2.008236607016411,0.1013300014202529,2.008238403766775,0.14138024113991496,2.008238403766775,-0.5130775828799559,2.008238590487091,-0.500880090724466,2.0082395242156443,-0.5103279525228029,2.0082397576808537,-0.5005641901243507,2.008241345595216,-0.5130775828799559,2.008241906181713,-0.037568658166963316
2.0082281238858926,-0.031189455674083426,2.0082275651726147,1.1445421489820717,2.008223795841723,-0.3741789232927396,2.008223702815515,0.38170215136843527,2.008223702815515,0.30106096822814155,2.008223702815515,-0.27011164281574723,2.008223702815515,-0.13052724930552384,2.0082233539859797,0.5802605256813743,2.008223330731729,-0.1586941080546473,2.008221796241949,-0.1705222423961699,2.0082215405493278,-0.5130775828799559,2.0082207038482958,-0.48798291221304657,2.0082206806090315,0.020233831319365347,2.008220587653288,0.09673841216286769,2.008220355273126,-0.5130775828799559,2.0082345545468447,-0.4004570480795102,2.0082345545468447,-0.5005641901243507,2.0082345778646165,-0.4505106191019305,2.0082345778646165,-0.5130775828799559,2.0082345778646165,-0.48805079736874574,2.0082346944554565,-0.5130775828799559,2.008234717774021,-0.48805079736874574,2.0082383804273305,0.1013300014202529,2.008238403766775,0.14138024113991496,2.008238403766775,-0.5130775828799559,2.008238590487091,-0.500880090724466,2.0082395242156443,-0.5103279525228029,2.0082397576808537,-0.5005641901243507,2.008241345595216,-0.5130775828799559,2.0082419996202105,-0.3602257270532819
2.0082281238858926,-0.031189455674083426,2.0082275651726147,1.1445421489820717,2.0082250751655337,-0.5130775828799559,2.008223795841723,-0.3741789232927396,2.008223702815515,0.38170215136843527,2.008223702815515,0.30106096822814155,2.008223702815515,-0.27011164281574723,2.008223702815515,-0.13052724930552384,2.0082233539859797,0.5802605256813743,2.008223330731729,-0.1586941080546473,2.008221796241949,-0.1705222423961699,2.0082215405493278,-0.5130775828799559,2.0082207038482958,-0.48798291221304657,2.0082206806090315,0.020233831319365347,2.008220587653288,0.09673841216286769,2.0082344845943214,-0.4505106191019305,2.0082344845943214,-0.5130775828799559,2.0082344845943214,-0.5005641901243507,2.008234507911697,-0.4004570480795102,2.008234507911697,-0.5130775828799559,2.008234531229205,-0.36037526209671134,2.0082345545468447,-0.48805079736874574,2.0082346478187243,-0.4630240118575356,2.008234717774021,-0.48805079736874574,2.0082383104097907,-0.037568658166963316,2.0082383804273305,0.1013300014202529,2.008238403766775,0.14138024113991496,2.008238403766775,-0.5130775828799559,2.008238590487091,-0.500880090724466,2.0082395242156443,-0.5103279525228029
2.0082282402940437,-0.3741789232927396,2.0082281238858926,-0.031189455674083426,2.0082275651726147,1.1445421489820717,2.008225470673425,-0.5130775828799559,2.008223702815515,0.38170215136843527,2.008223702815515,0.30106096822814155,2.008223702815515,-0.27011164281574723,2.008223702815515,-0.13052724930552384,2.0082233539859797,0.5802605256813743,2.008223330731729,-0.1586941080546473,2.008221796241949,-0.1705222423961699,2.0082215405493278,-0.5130775828799559,2.0082207038482958,-0.48798291221304657,2.0082206806090315,0.020233831319365347,2.008220587653288,0.09673841216286769,2.0082343446928403,-0.4505106191019305,2.0082343680094237,-0.4004570480795102,2.008234391326139,-0.5130775828799559,2.0082345545468447,-0.4630240118575356,2.0082371669584234,-0.5130775828799559,2.0082382870708755,0.1013300014202529,2.008238403766775,0.14138024113991496,2.008238403766775,-0.5130775828799559,2.008238590487091,-0.500880090724466,2.0082395242156443,-0.5103279525228029,2.0082397576808537,-0.5005641901243507,2.008241345595216,-0.5130775828799559,2.008241906181713,-0.037568658166963316,2.0082419996202105,-0.3602257270532819,2.0082427472044673,-0.4630240118575356
2.00822821701215,-0.3741789232927396,2.0082281471672596,-0.48805079736874574,2.0082281238858926,-0.031189455674083426,2.0082275651726147,1.1445421489820717,2.0082255172062657,-0.5130775828799559,2.008223702815515,0.38170215136843527,2.008223702815515,0.30106096822814155,2.008223702815515,-0.27011164281574723,2.008223702815515,-0.13052724930552384,2.0082233539859797,0.5802605256813743,2.008223330731729,-0.1586941080546473,2.008221796241949,-0.1705222423961699,2.0082215405493278,-0.5130775828799559,2.0082207038482958,-0.48798291221304657,2.0082206806090315,0.020233831319365347,2.008234204796113,-0.4505106191019305,2.008234228111904,-0.36038133109219783,2.008234228111904,-0.5005641901243507,2.008234228111904,-0.5130775828799559,2.008234228111904,-0.48805079736874574,2.0082342514278273,-0.4418798443103564,2.0082342980600694,-0.4004570480795102,2.0082344845943214,-0.4630240118575356,2.0082382870708755,0.1013300014202529,2.0082383104097907,-0.037568658166963316,2.008238403766775,0.14138024113991496,2.008238403766775,-0.5130775828799559,2.008238590487091,-0.500880090724466,2.0082395242156443,-0.5103279525228029,2.0082397576808537,-0.5005641901243507
2.008228310140515,-0.3741789232927396,2.0082281238858926,-0.031189455674083426,2.0082275651726147,1.1445421489820717,2.0082255172062657,-0.5130775828799559,2.008223702815515,0.38170215136843527,2.008223702815515,0.30106096822814155,2.008223702815515,-0.27011164281574723,2.008223702815515,-0.13052724930552384,2.0082233539859797,0.5802605256813743,2.008223330731729,-0.1586941080546473,2.008221796241949,-0.1705222423961699,2.0082215405493278,-0.5130775828799559,2.0082207038482958,-0.48798291221304657,2.0082206806090315,0.020233831319365347,2.008220587653288,0.09673841216286769,2.008234111534269,-0.4004570480795102,2.008234111534269,-0.4505106191019305,2.008234111534269,-0.5130775828799559,2.008234134849532,-0.36038319558771836,2.008234134849532,-0.48805079736874574,2.0082342514278273,-0.4418798443103564,2.00823586054547,0.1013300014202529,2.008238403766775,0.14138024113991496,2.008238403766775,-0.5130775828799559,2.008238590487091,-0.500880090724466,2.0082395242156443,-0.5103279525228029,2.0082397576808537,-0.5005641901243507,2.008241252171547,-0.037568658166963316,2.008241345595216,-0.5130775828799559,2.0082419996202105,-0.3602257270532819
2.008228310140515,-0.3741789232927396,2.0082281238858926,-0.031189455674083426,2.0082275651726147,1.1445421489820717,2.0082255172062657,-0.5130775828799559,2.008223702815515,0.38170215136843527,2.008223702815515,0.30106096822814155,2.008223702815515,-0.27011164281574723,2.008223702815515,-0.13052724930552384,2.0082233539859797,0.5802605256813743,2.008223330731729,-0.1586941080546473,2.008221796241949,-0.1705222423961699,2.0082215405493278,-0.5130775828799559,2.0082207038482958,-0.48798291221304657,2.0082206806090315,0.020233831319365347,2.008220587653288,0.09673841216286769,2.008234041589272,-0.4505106191019305,2.008234041589272,-0.5130775828799559,2.008234064904139,-0.373565253998612,2.008234064904139,-0.4630240118575356,2.008234064904139,-0.48805079736874574,2.008234111534269,-0.5130775828799559,2.008234134849532,-0.48805079736874574,2.00823586054547,0.1013300014202529,2.008238403766775,0.14138024113991496,2.008238403766775,-0.5130775828799559,2.008238590487091,-0.500880090724466,2.0082395242156443,-0.5103279525228029,2.0082397576808537,-0.5005641901243507,2.008241345595216,-0.5130775828799559,2.0082419996202105,-0.3602257270532819
2.00822821701215,-0.3741789232927396,2.0082281238858926,-0.031189455674083426,2.0082275651726147,1.1445421489820717,2.008225400875151,-0.5130775828799559,2.008223702815515,0.38170215136843527,2.008223702815515,0.30106096822814155,2.008223702815515,-0.27011164281574723,2.008223702815515,-0.13052724930552384,2.0082233539859797,0.5802605256813743,2.008223330731729,-0.1586941080546473,2.008221796241949,-0.1705222423961699,2.0082215405493278,-0.5130775828799559,2.0082207038482958,-0.48798291221304657,2.0082206806090315,0.020233831319365347,2.008220587653288,0.09673841216286769,2.008233948331125,-0.4505106191019305,2.0082339716454634,-0.4004570480795102,2.008233994959934,-0.4630240118575356,2.008234111534269,-0.5130775828799559,2.008234134849532,-0.48805079736874574,2.0082342514278273,-0.4418798443103564,2.008238403766775,0.14138024113991496,2.008238403766775,-0.5130775828799559,2.008238590487091,-0.500880090724466,2.0082395242156443,-0.5103279525228029,2.0082397576808537,-0.5005641901243507,2.008241252171547,-0.037568658166963316,2.008241345595216,-0.5130775828799559,2.0082419996202105,-0.3602257270532819,2.0082427238404064,0.8521051238148235
2.0082281238858926,-0.031189455674083426,2.0082275651726147,1.1445421489820717,2.008223795841723,-0.3741789232927396,2.008223702815515,0.38170215136843527,2.008223702815515,0.30106096822814155,2.008223702815515,-0.27011164281574723,2.008223702815515,-0.13052724930552384,2.0082233539859797,0.5802605256813743,2.008223330731729,-0.1586941080546473,2.008221796241949,-0.1705222423961699,2.0082215405493278,-0.5130775828799559,2.0082207038482958,-0.48798291221304657,2.0082206806090315,0.020233831319365347,2.008220587653288,0.09673841216286769,2.008220355273126,-0.5130775828799559,2.008234064904139,-0.5130775828799559,2.008234064904139,-0.4505106191019305,2.008234134849532,-0.48805079736874574,2.008235510683791,-0.4004570480795102,2.008235510683791,-0.48805079736874574,2.0082383804273305,0.1013300014202529,2.008238403766775,0.14138024113991496,2.008238403766775,-0.5130775828799559,2.008238590487091,-0.500880090724466,2.0082395242156443,-0.5103279525228029,2.0082397576808537,-0.5005641901243507,2.008241345595216,-0.5130775828799559,2.0082419996202105,-0.3602257270532819,2.0082426303854874,-0.037568658166963316,2.0082427238404064,0.8521051238148235
2.0082281471672596,-0.48805079736874574,2.0082281238858926,-0.031189455674083426,2.0082275651726147,1.1445421489820717,2.0082247727439855,-0.5130775828799559,2.0082247727439855,-0.3741789232927396,2.008223702815515,0.38170215136843527,2.008223702815515,0.30106096822814155,2.008223702815515,-0.27011164281574723,2.008223702815515,-0.13052724930552384,2.0082233539859797,0.5802605256813743,2.008223330731729,-0.1586941080546473,2.008221796241949,-0.1705222423961699,2.0082215405493278,-0.5130775828799559,2.0082207038482958,-0.48798291221304657,2.0082206806090315,0.020233831319365347,2.008235440715022,-0.4505106191019305,2.008235440715022,-0.5130775828799559,2.008235464037813,-0.4004570480795102,2.008235464037813,-0.5005641901243507,2.008235464037813,-0.4630240118575356,2.008235464037813,-0.48805079736874574,2.0082383804273305,0.1013300014202529,2.008238403766775,0.14138024113991496,2.008238403766775,-0.5130775828799559,2.008238590487091,-0.500880090724466,2.0082395242156443,-0.5103279525228029,2.0082397576808537,-0.5005641901243507,2.008241345595216,-0.5130775828799559,2.0082419996202105,-0.3602257270532819,2.0082427472044673,-0.4630240118575356
2.0082281471672596,-0.48805079736874574,2.0082281238858926,-0.031189455674083426,2.0082275651726147,1.1445421489820717,2.008223702815515,0.38170215136843527,2.008223702815515,0.30106096822814155,2.008223702815515,-0.27011164281574723,2.008223702815515,-0.13052724930552384,2.0082233539859797,0.5802605256813743,2.008223330731729,-0.1586941080546473,2.008221796241949,-0.1705222423961699,2.0082215405493278,-0.5130775828799559,2.0082207038482958,-0.48798291221304657,2.0082206806090315,0.020233831319365347,2.008220587653288,0.09673841216286769,2.008220355273126,-0.5130775828799559,2.0082342514278273,-0.4418798443103564,2.0082353241030493,-0.4004570480795102,2.0082353474251797,-0.5130775828799559,2.0082353474251797,-0.48805079736874574,2.008235370747442,-0.5005641901243507,2.008235370747442,-0.4505106191019305,2.0082383804273305,0.1013300014202529,2.008238403766775,0.14138024113991496,2.008238403766775,-0.5130775828799559,2.008238590487091,-0.500880090724466,2.0082395242156443,-0.5103279525228029,2.0082397576808537,-0.5005641901243507,2.008241345595216,-0.5130775828799559,2.008241906181713,-0.037568658166963316,2.0082419996202105,-0.3602257270532819
2.00822821701215,-0.3741789232927396,2.00822821701215,-0.48805079736874574,2.0082281238858926,-0.031189455674083426,2.0082275651726147,1.1445421489820717,2.008223702815515,0.38170215136843527,2.008223702815515,0.30106096822814155,2.008223702815515,-0.27011164281574723,2.008223702815515,-0.13052724930552384,2.0082233539859797,0.5802605256813743,2.008223330731729,-0.1586941080546473,2.008221796241949,-0.1705222423961699,2.0082215405493278,-0.5130775828799559,2.0082207038482958,-0.48798291221304657,2.0082206806090315,0.020233831319365347,2.008220587653288,0.09673841216286769,2.008234228111904,-0.48805079736874574,2.008234228111904,-0.5130775828799559,2.008235184173041,-0.5005641901243507,2.0082352074943786,-0.4418699962702577,2.0082352308158486,-0.5130775828799559,2.0082352308158486,-0.4505106191019305,2.0082352541374506,-0.4004570480795102,2.0082353241030493,-0.4630240118575356,2.0082383804273305,0.1013300014202529,2.008238403766775,0.14138024113991496,2.008238403766775,-0.5130775828799559,2.008238590487091,-0.500880090724466,2.0082395242156443,-0.5103279525228029,2.0082397576808537,-0.5005641901243507,2.008241252171547,-0.037568658166963316
2.0082281471672596,-0.48805079736874574,2.0082281238858926,-0.23015240048820398,2.0082275651726147,1.1445421489820717,2.0082250519015483,-0.5130775828799559,2.008223702815515,0.38170215136843527,2.008223702815515,0.30106096822814155,2.008223702815515,-0.27011164281574723,2.008223702815515,-0.13052724930552384,2.0082233539859797,0.5802605256813743,2.008223330731729,-0.1586941080546473,2.008221796241949,-0.1705222423961699,2.0082215405493278,-0.5130775828799559,2.0082207038482958,-0.48798291221304657,2.0082206806090315,0.020233831319365347,2.008220587653288,0.09673841216286769,2.0082341814804536,-0.4505106191019305,2.008234204796113,-0.4004570480795102,2.008234204796113,-0.5005641901243507,2.008234204796113,-0.5130775828799559,2.008234228111904,-0.48805079736874574,2.0082352074943786,-0.4418699962702577,2.0082352308158486,0.1013300014202529,2.008238403766775,0.14138024113991496,2.008238403766775,-0.5130775828799559,2.008238590487091,-0.500880090724466,2.0082395242156443,-0.5103279525228029,2.0082397576808537,-0.5005641901243507,2.008241345595216,-0.5130775828799559,2.0082419996202105,-0.3602257270532819,2.0082427472044673,-0.4630240118575356
2.0082281471672596,-0.48805079736874574,2.0082281238858926,-0.23015240048820398,2.0082275651726147,1.1445421489820717,2.008224865794401,-0.5130775828799559,2.008223702815515,0.38170215136843527,2.008223702815515,0.30106096822814155,2.008223702815515,-0.27011164281574723,2.008223702815515,-0.13052724930552384,2.0082233539859797,0.5802605256813743,2.008223330731729,-0.1586941080546473,2.008221796241949,-0.1705222423961699,2.0082215405493278,-0.5130775828799559,2.0082207038482958,-0.48798291221304657,2.0082206806090315,0.020233831319365347,2.008220587653288,0.09673841216286769,2.008234041589272,-0.4004570480795102,2.008234041589272,-0.5130775828799559,2.008234064904139,-0.36038459708770704,2.0082340882191376,-0.48805079736874574,2.008234111534269,-0.037568658166963316,2.008234158164927,-0.4630240118575356,2.008234228111904,-0.48805079736874574,2.0082352074943786,-0.4418699962702577,2.0082352308158486,0.1013300014202529,2.008238403766775,0.14138024113991496,2.008238403766775,-0.5130775828799559,2.008238590487091,-0.500880090724466,2.0082395242156443,-0.5103279525228029,2.0082397576808537,-0.5005641901243507,2.008241345595216,-0.5130775828799559
2.0082275651726147,1.1445421489820717,2.008223702815515,0.38170215136843527,2.008223702815515,0.30106096822814155,2.008223702815515,-0.27011164281574723,2.008223702815515,-0.13052724930552384,2.0082236563032008,-0.018190643386702933,2.008223330731729,-0.1586941080546473,2.008221796241949,-0.1705222423961699,2.0082215405493278,-0.5130775828799559,2.0082207038482958,-0.48798291221304657,2.0082206806090315,0.020233831319365347,2.008220587653288,0.09673841216286769,2.008220355273126,-0.5130775828799559,2.0082196582114613,-0.37047437090762103,2.0082177999581763,-0.4004570480795102,2.008233901702843,-0.4505106191019305,2.008233901702843,-0.5130775828799559,2.008233901702843,-0.48805079736874574,2.008233925016918,-0.4004570480795102,2.008233925016918,-0.3603874000876843,2.008233948331125,-0.44188296014515244,2.0082339716454634,-0.037568658166963316,2.008234204796113,-0.5005641901243507,2.008234228111904,-0.48805079736874574,2.0082352308158486,0.1013300014202529,2.0082364437143303,-0.5130775828799559,2.008238403766775,0.14138024113991496,2.008238403766775,-0.5130775828799559,2.008238590487091,-0.500880090724466,2.0082395242156443,-0.5103279525228029
2.0082275651726147,1.1320287562264666,2.0082241214500245,-0.5130775828799559,2.008223702815515,0.38170215136843527,2.008223702815515,0.30106096822814155,2.008223702815515,-0.27011164281574723,2.008223702815515,-0.13052724930552384,2.0082236563032008,-0.018190643386702933,2.008223330731729,-0.1586941080546473,2.008221796241949,-0.1705222423961699,2.0082215405493278,-0.5130775828799559,2.0082207038482958,-0.48798291221304657,2.0082206806090315,0.020233831319365347,2.008220587653288,0.09673841216286769,2.008220355273126,-0.5130775828799559,2.0082196582114613,-0.37047437090762103,2.008233738508017,-0.4004570480795102,2.008233738508017,-0.5130775828799559,2.0082337618211676,-0.36039066608319353,2.0082337618211676,-0.48805079736874574,2.0082337618211676,-0.5130775828799559,2.00823378513445,-0.4505106191019305,2.00823378513445,-0.4630240118575356,2.008233808447865,-0.037568658166963316,2.008233948331125,-0.44188296014515244,2.0082352308158486,0.1013300014202529,2.008238403766775,0.14138024113991496,2.008238403766775,-0.5130775828799559,2.008238590487091,-0.500880090724466,2.0082395242156443,-0.5103279525228029,2.0082397576808537,-0.5005641901243507
2.00822372607187,-0.4630240118575356,2.00822372607187,-0.48805079736874574,2.008223702815515,0.38170215136843527,2.008223702815515,0.30106096822814155,2.008223702815515,-0.27011164281574723,2.008223702815515,-0.13052724930552384,2.0082236563032008,-0.018190643386702933,2.008223330731729,-0.1586941080546473,2.008222354171968,-0.5130775828799559,2.008221796241949,-0.1705222423961699,2.0082215405493278,-0.5130775828799559,2.0082207038482958,-0.48798291221304657,2.0082206806090315,0.020233831319365347,2.008220587653288,0.09673841216286769,2.0082196582114613,-0.37047437090762103,2.008233598631886,-0.48805079736874574,2.008233598631886,-0.4630240118575356,2.0082336219442447,-0.4505106191019305,2.0082336219442447,-0.36039346908317077,2.0082336219442447,-0.5130775828799559,2.0082336452567353,-0.037568658166963316,2.008233691882112,-0.4004570480795102,2.0082337151949985,-0.5130775828799559,2.0082337151949985,0.1013300014202529,2.008233738508017,-0.5130775828799559,2.008233948331125,-0.44188296014515244,2.008235184173041,-0.5130775828799559,2.008238403766775,0.14138024113991496,2.008238403766775,-0.5130775828799559,2.008238590487091,-0.500880090724466
2.00822372607187,-0.4630240118575356,2.00822372607187,-0.5130775828799559,2.008223702815515,0.38170215136843527,2.008223702815515,0.30106096822814155,2.008223702815515,-0.27011164281574723,2.008223702815515,-0.13052724930552384,2.0082236563032008,-0.018190643386702933,2.008223330731729,-0.1586941080546473,2.008221796241949,-0.1705222423961699,2.0082215405493278,-0.5130775828799559,2.0082207038482958,-0.48798291221304657,2.0082206806090315,0.020233831319365347,2.008220587653288,0.09673841216286769,2.0082196582114613,-0.37047437090762103,2.0082191935693574,-0.5130775828799559,2.0082334587605075,-0.4004570480795102,2.008233482072074,-0.037568658166963316,2.008233552007565,-0.4964649903585059,2.008233552007565,-0.4505106191019305,2.0082335753196596,-0.48805079736874574,2.0082335753196596,-0.5130775828799559,2.008233598631886,-0.4630240118575356,2.0082337151949985,0.1013300014202529,2.008233948331125,-0.44188296014515244,2.0082353007810507,-0.5130775828799559,2.008238403766775,0.14138024113991496,2.008238403766775,-0.5130775828799559,2.008238590487091,-0.500880090724466,2.0082395242156443,-0.5103279525228029,2.0082397576808537,-0.5005641901243507
2.00822372607187,-0.4630240118575356,2.00822372607187,-0.5130775828799559,2.008223702815515,0.38170215136843527,2.008223702815515,0.30106096822814155,2.008223702815515,-0.27011164281574723,2.008223702815515,-0.13052724930552384,2.008223330731729,-0.1586941080546473,2.008221796241949,-0.1705222423961699,2.0082215405493278,-0.5130775828799559,2.0082207038482958,-0.48798291221304657,2.0082206806090315,0.020233831319365347,2.008220587653288,0.09673841216286769,2.0082196582114613,-0.37047437090762103,2.0082191935693574,-0.5130775828799559,2.0082177999581763,-0.4004570480795102,2.008233365515562,-0.13767580021180387,2.0082333888266004,-0.4505106191019305,2.0082334121377707,-0.3603976735831366,2.0082334121377707,-0.4004570480795102,2.0082334587605075,-0.5130775828799559,2.0082335753196596,-0.48805079736874574,2.0082337151949985,0.1013300014202529,2.008238403766775,0.14138024113991496,2.008238403766775,-0.5130775828799559,2.008238590487091,-0.500880090724466,2.0082395242156443,-0.5103279525228029,2.0082397576808537,-0.5005641901243507,2.0082406683216014,-0.037568658166963316,2.0082407617320337,-0.36025051608433073,2.008241345595216,-0.5130775828799559
2.00822372607187,-0.4630240118575356,2.00822372607187,-0.5130775828799559,2.008223702815515,0.38170215136843527,2.008223702815515,0.30106096822814155,2.008223702815515,-0.27011164281574723,2.008223702815515,-0.13052724930552384,2.008223330731729,-0.1586941080546473,2.008221796241949,-0.1705222423961699,2.0082215405493278,-0.5130775828799559,2.0082207038482958,-0.48798291221304657,2.0082206806090315,0.020233831319365347,2.008220587653288,0.09673841216286769,2.0082196582114613,-0.37047437090762103,2.0082191935693574,-0.5130775828799559,2.0082177999581763,-0.4004570480795102,2.008233295583239,-0.3651396613080514,2.008233295583239,-0.4505106191019305,2.0082333188938812,-0.3603995380786572,2.0082333188938812,-0.5130775828799559,2.0082333188938812,-0.49646549089421615,2.0082334121377707,0.1013300014202529,2.0082335753196596,-0.48805079736874574,2.008234787730506,-0.5130775828799559,2.008238403766775,0.14138024113991496,2.008238403766775,-0.5130775828799559,2.008238590487091,-0.500880090724466,2.0082395242156443,-0.5103279525228029,2.0082397576808537,-0.5005641901243507,2.0082406683216014,-0.037568658166963316,2.0082407617320337,-0.36025051608433073
2.0082238190986037,-0.42548383359072034,2.00822372607187,-0.4630240118575356,2.008223702815515,0.38170215136843527,2.008223702815515,0.30106096822814155,2.008223702815515,-0.27011164281574723,2.008223702815515,-0.13052724930552384,2.008223330731729,-0.1586941080546473,2.008221796241949,-0.1705222423961699,2.0082215405493278,-0.5130775828799559,2.0082207038482958,-0.48798291221304657,2.0082206806090315,0.020233831319365347,2.008220587653288,0.09673841216286769,2.0082196582114613,-0.37047437090762103,2.0082191935693574,-0.5130775828799559,2.0082177999581763,-0.4004570480795102,2.0082331557221567,-0.4505106191019305,2.0082331790320067,-0.4004570480795102,2.008233225652104,-0.3604014025741778,2.008233225652104,-0.5130775828799559,2.0082334121377707,0.1013300014202529,2.0082334587605075,-0.5130775828799559,2.0082335053837723,-0.4418875275335083,2.0082383804273305,0.8516596720595095,2.008238403766775,0.14138024113991496,2.008238403766775,-0.5130775828799559,2.008238590487091,-0.500880090724466,2.0082395242156443,-0.5103279525228029,2.0082397576808537,-0.5005641901243507,2.0082407617320337,-0.36025051608433073,2.008241345595216,-0.5130775828799559
2.0082275651726147,1.303790025301489,2.0082238190986037,-0.42548383359072034,2.0082238190986037,-0.5130775828799559,2.008223702815515,0.38170215136843527,2.008223702815515,0.30106096822814155,2.008223702815515,-0.27011164281574723,2.008223702815515,-0.13052724930552384,2.008223330731729,-0.1586941080546473,2.008221796241949,-0.1705222423961699,2.0082215405493278,-0.5130775828799559,2.0082207038482958,-0.48798291221304657,2.0082206806090315,0.020233831319365347,2.008220587653288,0.09673841216286769,2.0082196582114613,-0.37047437090762103,2.0082191935693574,-0.5130775828799559,2.008233085793397,-0.4505106191019305,2.0082331091028514,-0.5130775828799559,2.0082331091028514,-0.48805079736874574,2.008233132412438,-0.36040326706969844,2.0082335053837723,-0.4418875275335083,2.0082382870708755,-0.037568658166963316,2.0082383804273305,0.8516596720595095,2.008238403766775,0.14138024113991496,2.008238403766775,-0.5130775828799559,2.008238590487091,-0.500880090724466,2.0082395242156443,-0.5103279525228029,2.0082397576808537,-0.5005641901243507,2.0082407617320337,-0.36025051608433073,2.008241345595216,-0.5130775828799559,2.008242513569819,-0.037568658166963316
2.0082275651726147,1.303790025301489,2.008224330783263,-0.42548383359072034,2.008223702815515,0.38170215136843527,2.008223702815515,0.30106096822814155,2.008223702815515,-0.27011164281574723,2.008223702815515,-0.13052724930552384,2.008223330731729,-0.1586941080546473,2.008222888925963,0.4062469835576632,2.008221796241949,-0.1705222423961699,2.0082215405493278,-0.5130775828799559,2.0082207038482958,-0.48798291221304657,2.0082206806090315,0.020233831319365347,2.008220587653288,0.09673841216286769,2.0082196582114613,-0.37047437090762103,2.0082191935693574,-0.5130775828799559,2.008232829398109,-0.4505106191019305,2.008232829398109,-0.5005641901243507,2.0082328527061115,-0.4004570480795102,2.008232876014246,-0.4418940094709557,2.008232876014246,-0.48805079736874574,2.008233039174884,-0.5130775828799559,2.0082331091028514,-0.48805079736874574,2.008233132412438,0.1013300014202529,2.0082351375307614,-0.5130775828799559,2.008235534006978,-0.4630240118575356,2.0082381470401596,0.8519592051419003,2.008238263732092,0.8516557929077553,2.008238403766775,0.14138024113991496,2.008238403766775,-0.5130775828799559,2.008238590487091,-0.500880090724466
2.00822758845082,-0.48805079736874574,2.0082275651726147,1.303790025301489,2.0082266341524133,-0.5130775828799559,2.0082243540431692,-0.42548383359072034,2.008223702815515,0.38170215136843527,2.008223702815515,0.30106096822814155,2.008223702815515,-0.27011164281574723,2.008223702815515,-0.13052724930552384,2.008223330731729,-0.1586941080546473,2.008222888925963,0.4062469835576632,2.008221796241949,-0.1705222423961699,2.0082215405493278,-0.5130775828799559,2.0082207038482958,-0.48798291221304657,2.0082206806090315,0.020233831319365347,2.008220587653288,0.09673841216286769,2.0082327827824993,-0.4505106191019305,2.008232806090238,-0.3253766915458799,2.008232806090238,-0.48805079736874574,2.0082328527061115,-0.5130775828799559,2.0082328527061115,-0.02505526541135824,2.008232876014246,-0.4418940094709557,2.008233085793397,0.1013300014202529,2.0082380536889937,-0.037568658166963316,2.0082381470401596,0.8519592051419003,2.008238263732092,0.8516557929077553,2.008238403766775,0.14138024113991496,2.008238403766775,-0.5130775828799559,2.008238590487091,-0.500880090724466,2.0082391973865765,2.5090319015262237,2.0082395242156443,-0.5103279525228029
2.0082275651726147,1.303790025301489,2.008223795841723,-0.42548383359072034,2.008223702815515,0.38170215136843527,2.008223702815515,0.30106096822814155,2.008223702815515,-0.27011164281574723,2.008223702815515,-0.13052724930552384,2.008223330731729,-0.1586941080546473,2.008222888925963,0.4062469835576632,2.008221796241949,-0.1705222423961699,2.0082215405493278,-0.5130775828799559,2.0082207038482958,-0.48798291221304657,2.0082206806090315,0.020233831319365347,2.008220587653288,0.09673841216286769,2.0082196582114613,-0.37047437090762103,2.0082191935693574,-0.5130775828799559,2.008232642938838,-0.48805079736874574,2.008232642938838,-0.5005641901243507,2.0082326662457852,-0.4004570480795102,2.0082326662457852,-0.3604126020606941,2.008232689552864,-0.5130775828799559,2.008232712860075,-0.5130775828799559,2.0082327594748928,-0.48805079736874574,2.0082328527061115,-0.02505526541135824,2.0082328527061115,-0.09026255506081629,2.0082328527061115,-0.11426324236606678,2.0082328527061115,-0.14986384475576317,2.008232876014246,-0.4418940094709557,2.0082334354490734,-0.4630240118575356,2.0082334587605075,-0.5130775828799559,2.008234507911697,0.1013300014202529
2.0082275651726147,1.303790025301489,2.0082245633882487,-0.42548383359072034,2.008223702815515,0.38170215136843527,2.008223702815515,0.30106096822814155,2.008223702815515,-0.27011164281574723,2.008223702815515,-0.13052724930552384,2.008223330731729,-0.1586941080546473,2.008222888925963,0.4062469835576632,2.008221796241949,-0.1705222423961699,2.0082215405493278,-0.5130775828799559,2.0082207038482958,-0.48798291221304657,2.0082206806090315,0.020233831319365347,2.008220587653288,0.09673841216286769,2.0082196582114613,-0.37047437090762103,2.0082191935693574,-0.5130775828799559,2.008232526406083,-0.4505106191019305,2.0082325497123703,-0.3253766915458799,2.0082325497123703,-0.5130775828799559,2.0082325497123703,-0.5005641901243507,2.0082325497123703,-0.48805079736874574,2.0082325730187893,-0.3604144665562147,2.008232712860075,0.8519339155751412,2.0082327594748928,-0.48805079736874574,2.0082328527061115,-0.02505526541135824,2.0082328527061115,-0.09026255506081629,2.0082328527061115,-0.11426324236606678,2.0082328527061115,-0.14986384475576317,2.0082334121377707,0.1013300014202529,2.0082334587605075,-0.5130775828799559,2.0082366770049993,-0.037568658166963316
2.0082275651726147,1.303790025301489,2.0082244936053715,-0.5130775828799559,2.0082242377449524,-0.42548383359072034,2.008223702815515,0.38170215136843527,2.008223702815515,0.30106096822814155,2.008223702815515,-0.27011164281574723,2.008223702815515,-0.13052724930552384,2.008223330731729,-0.1586941080546473,2.008222888925963,0.4062469835576632,2.008221796241949,-0.1705222423961699,2.0082215405493278,-0.5130775828799559,2.0082207038482958,-0.48798291221304657,2.0082206806090315,0.020233831319365347,2.008220587653288,0.09673841216286769,2.0082196582114613,-0.37047437090762103,2.0082314777597245,-0.3473157473410734,2.0082314777597245,-0.48805079736874574,2.0082315010600746,-0.3604359395381833,2.0082315243605566,-0.4505106191019305,2.0082315243605566,-0.5130775828799559,2.008232479793905,-0.441898088836994,2.008232689552864,-0.5005641901243507,2.008232712860075,0.8519339155751412,2.008232829398109,0.1013300014202529,2.0082328527061115,-0.02505526541135824,2.0082334354490734,-0.4630240118575356,2.0082334587605075,-0.5130775828799559,2.0082366770049993,-0.037568658166963316,2.008236770324967,0.43824175171769003,2.008238030351533,0.8519416989054351
2.0082275651726147,1.303790025301489,2.0082244936053715,-0.42548383359072034,2.008223702815515,0.38170215136843527,2.008223702815515,0.30106096822814155,2.008223702815515,-0.27011164281574723,2.008223702815515,-0.13052724930552384,2.008223330731729,-0.1586941080546473,2.008222888925963,0.4062469835576632,2.008221796241949,-0.1705222423961699,2.0082215405493278,-0.5130775828799559,2.0082207038482958,-0.48798291221304657,2.0082206806090315,0.020233831319365347,2.008220587653288,0.09673841216286769,2.0082196582114613,-0.37047437090762103,2.0082191935693574,-0.5130775828799559,2.008230499264123,-0.4505106191019305,2.008230522558934,-0.48805079736874574,2.008230522558934,-0.36045552299784583,2.0082305458538765,0.09876475590535387,2.0082305458538765,-0.12374839407481539,2.0082305458538765,-0.3294060040131847,2.0082314311594205,-0.3390012485513971,2.0082314311594205,-0.5130775828799559,2.0082323865711316,-0.4418990398548434,2.0082326196320235,0.8519261322448473,2.008232712860075,0.8519339155751412,2.0082327361674177,-0.037568658166963316,2.008232829398109,0.1013300014202529,2.0082328527061115,-0.02505526541135824,2.0082334354490734,-0.4630240118575356
2.0082275651726147,1.278763239790279,2.008223795841723,-0.42548383359072034,2.008223702815515,0.38170215136843527,2.008223702815515,0.30106096822814155,2.008223702815515,-0.27011164281574723,2.008223702815515,-0.13052724930552384,2.008223330731729,-0.1586941080546473,2.008222888925963,0.4062469835576632,2.008221796241949,-0.1705222423961699,2.0082215405493278,-0.5130775828799559,2.0082207038482958,-0.48798291221304657,2.0082206806090315,0.020233831319365347,2.008220587653288,0.09673841216286769,2.0082196582114613,-0.37047437090762103,2.0082191935693574,-0.5130775828799559,2.008230499264123,-0.4505106191019305,2.008230522558934,-0.48805079736874574,2.008230522558934,-0.36045552299784583,2.0082314311594205,-0.3390012485513971,2.0082314311594205,-0.5130775828799559,2.0082323865711316,-0.4418990398548434,2.0082325963253402,-0.5005641901243507,2.0082326196320235,0.8519261322448473,2.0082326196320235,-0.037568658166963316,2.008232689552864,0.1013300014202529,2.008232712860075,0.8519339155751412,2.0082328527061115,-0.02505526541135824,2.0082334354490734,-0.4630240118575356,2.0082334587605075,-0.5130775828799559,2.008236770324967,0.43824175171769003
2.0082275651726147,1.278763239790279,2.008223795841723,-0.42548383359072034,2.008223702815515,0.38170215136843527,2.008223702815515,0.30106096822814155,2.008223702815515,-0.27011164281574723,2.008223702815515,-0.13052724930552384,2.008223330731729,-0.1586941080546473,2.008221796241949,-0.1705222423961699,2.0082215405493278,-0.5130775828799559,2.0082207038482958,-0.48798291221304657,2.0082206806090315,0.020233831319365347,2.008220587653288,0.09673841216286769,2.0082196582114613,-0.37047437090762103,2.0082191935693574,-0.5130775828799559,2.0082177999581763,-0.4004570480795102,2.0082294977119846,-0.48805079736874574,2.0082295210011263,-0.36047558196643303,2.0082295442904,-0.48805079736874574,2.0082295675798054,-0.19442403635847283,2.0082295675798054,-3.538281117938651E-4,2.0082295675798054,-0.15962429110513515,2.0082303129103836,-0.44192040021627726,2.008230475969444,0.8517471907284422,2.008231407859466,-0.5130775828799559,2.0082314311594205,-0.3390012485513971,2.0082322700456343,-0.037568658166963316,2.008232363265768,0.8517471907284422,2.0082326662457852,-0.5005641901243507,2.008232689552864,0.1013300014202529,2.0082328527061115,-0.02505526541135824
2.0082275651726147,1.278763239790279,2.008223795841723,-0.42548383359072034,2.008223702815515,0.38170215136843527,2.008223702815515,0.30106096822814155,2.008223702815515,-0.27011164281574723,2.008223702815515,-0.13052724930552384,2.008223330731729,-0.1586941080546473,2.008221796241949,-0.1705222423961699,2.0082215405493278,-0.5130775828799559,2.0082207038482958,-0.48798291221304657,2.0082206806090315,0.020233831319365347,2.008220587653288,0.09673841216286769,2.0082196582114613,-0.37047437090762103,2.0082191935693574,-0.5130775828799559,2.0082177999581763,-0.4004570480795102,2.008228542970651,-0.48805079736874574,2.0082285662543895,-0.1309185681237771,2.0082285662543895,-0.12130828248747247,2.0082285662543895,-0.10217530496415228,2.008228985384213,-0.48805079736874574,2.0082294744229747,0.8516635637246565,2.0082302896167596,-0.5130775828799559,2.0082303129103836,-0.44192040021627726,2.008232642938838,-0.5005641901243507,2.0082326662457852,0.1013300014202529,2.0082327594748928,-0.037568658166963316,2.0082328527061115,-0.02505526541135824,2.0082334587605075,-0.5130775828799559,2.008235534006978,-0.36035519061473137,2.008236770324967,0.43824175171769003
2.0082275651726147,0.1336026670065962,2.008223795841723,-0.42548383359072034,2.008223702815515,0.38170215136843527,2.008223702815515,0.30106096822814155,2.008223702815515,-0.27011164281574723,2.008223702815515,-0.13052724930552384,2.008223330731729,-0.1586941080546473,2.008222912177714,1.108748690183226,2.008221796241949,-0.1705222423961699,2.0082215405493278,-0.5130775828799559,2.0082207038482958,-0.48798291221304657,2.0082206806090315,0.020233831319365347,2.008220587653288,0.09673841216286769,2.0082196582114613,-0.37047437090762103,2.0082191935693574,-0.5130775828799559,2.008228333422936,-0.4419407845330761,2.008228542970651,-0.48805079736874574,2.0082285662543895,-0.1309185681237771,2.0082285662543895,-0.12130828248747247,2.0082285662543895,-0.10217530496415228,2.0082288922405622,-0.48805079736874574,2.008232642938838,0.1013300014202529,2.0082328527061115,-0.02505526541135824,2.0082334587605075,-0.5130775828799559,2.008235534006978,-0.36035519061473137,2.0082366770049993,-0.037568658166963316,2.008236770324967,0.43824175171769003,2.008238403766775,0.14138024113991496,2.008238403766775,-0.5130775828799559,2.008238590487091,-0.500880090724466
2.0082275651726147,0.1336026670065962,2.008224167967601,-0.42548383359072034,2.008223702815515,0.38170215136843527,2.008223702815515,0.30106096822814155,2.008223702815515,-0.27011164281574723,2.008223702815515,-0.13052724930552384,2.008223330731729,-0.1586941080546473,2.008221796241949,-0.1705222423961699,2.0082215405493278,-0.5130775828799559,2.0082207038482958,-0.48798291221304657,2.0082206806090315,0.020233831319365347,2.008220587653288,0.09673841216286769,2.0082196582114613,-0.37047437090762103,2.0082191935693574,-0.5130775828799559,2.0082177999581763,-0.4004570480795102,2.00822758845082,0.07067218916902046,2.00822758845082,-0.40070731593462233,2.00822758845082,-0.02436702880979997,2.0082279376397025,-0.48805079736874574,2.008228310140515,0.8515663471763381,2.008228333422936,-0.4419407845330761,2.0082285196870444,-0.48805079736874574,2.0082325497123703,-0.5005641901243507,2.0082325730187893,-0.5130775828799559,2.0082325963253402,-0.3394813373778587,2.008232642938838,0.1013300014202529,2.0082328527061115,-0.02505526541135824,2.0082334587605075,-0.5130775828799559,2.008235534006978,-0.36035519061473137,2.0082366770049993,-0.037568658166963316
2.0082275651726147,0.1336026670065962,2.008223795841723,-0.42548383359072034,2.008223702815515,0.38170215136843527,2.008223702815515,0.30106096822814155,2.008223702815515,-0.27011164281574723,2.008223702815515,-0.13052724930552384,2.008223330731729,-0.1586941080546473,2.008221796241949,-0.1705222423961699,2.0082215405493278,-0.5130775828799559,2.0082207038482958,-0.48798291221304657,2.0082206806090315,0.020233831319365347,2.008220587653288,0.09673841216286769,2.0082196582114613,-0.37047437090762103,2.0082191935693574,-0.5130775828799559,2.0082177999581763,-0.4004570480795102,2.00822758845082,0.07067218916902046,2.00822758845082,-0.40070731593462233,2.00822758845082,-0.02436702880979997,2.00822758845082,-0.4004570480795102,2.0082279376397025,-0.48805079736874574,2.008228310140515,0.8515663471763381,2.008228333422936,-0.4419407845330761,2.0082285196870444,-0.48805079736874574,2.008228542970651,-0.4004570480795102,2.0082325497123703,-0.5130775828799559,2.0082325730187893,0.1013300014202529,2.0082328527061115,-0.02505526541135824,2.0082334587605075,-0.5130775828799559,2.008235534006978,-0.36035519061473137,2.0082366536753375,-0.037568658166963316
2.0082275651726147,0.12108927425099113,2.008223795841723,-0.42548383359072034,2.008223702815515,0.38170215136843527,2.008223702815515,0.30106096822814155,2.008223702815515,-0.27011164281574723,2.008223702815515,-0.13052724930552384,2.008223330731729,-0.1586941080546473,2.008221796241949,-0.1705222423961699,2.0082215405493278,-0.5130775828799559,2.0082207038482958,-0.48798291221304657,2.0082206806090315,0.020233831319365347,2.008220587653288,0.09673841216286769,2.0082196582114613,-0.37047437090762103,2.0082191935693574,-0.5130775828799559,2.0082177999581763,-0.4004570480795102,2.00822758845082,0.07067218916902046,2.00822758845082,-0.40070731593462233,2.00822758845082,-0.02436702880979997,2.00822758845082,-0.4004570480795102,2.008227914359521,0.8515041305875571,2.0082279376397025,-0.48805079736874574,2.008228333422936,-0.4419407845330761,2.0082285196870444,-0.48805079736874574,2.008228542970651,-0.4004570480795102,2.0082325497123703,-0.5130775828799559,2.0082325497123703,-0.5005641901243507,2.0082328527061115,-0.02505526541135824,2.0082334587605075,-0.5130775828799559,2.008235534006978,-0.36035519061473137,2.0082366536753375,-0.037568658166963316
2.0082275651726147,0.12108927425099113,2.008223795841723,-0.42548383359072034,2.008223702815515,0.38170215136843527,2.008223702815515,0.30106096822814155,2.008223702815515,-0.27011164281574723,2.008223702815515,-0.13052724930552384,2.008223330731729,-0.1586941080546473,2.008221796241949,-0.1705222423961699,2.0082215405493278,-0.5130775828799559,2.0082207038482958,-0.48798291221304657,2.0082206806090315,0.020233831319365347,2.008220587653288,0.09673841216286769,2.0082196582114613,-0.37047437090762103,2.0082191935693574,-0.5130775828799559,2.0082177999581763,-0.4004570480795102,2.00822758845082,0.07067218916902046,2.00822758845082,-0.40070731593462233,2.00822758845082,-0.02436702880979997,2.00822758845082,-0.4004570480795102,2.008227914359521,0.8515041305875571,2.0082279376397025,-0.48805079736874574,2.008228333422936,-0.4419407845330761,2.0082285196870444,-0.48805079736874574,2.008228542970651,-0.4004570480795102,2.0082325497123703,-0.5130775828799559,2.0082325497123703,-0.5005641901243507,2.0082325497123703,0.1013300014202529,2.0082328527061115,-0.02505526541135824,2.0082334587605075,-0.5130775828799559,2.008235534006978,-0.36035519061473137
2.0082275651726147,0.12108927425099113,2.008223795841723,-0.42548383359072034,2.008223702815515,0.38170215136843527,2.008223702815515,0.30106096822814155,2.008223702815515,-0.27011164281574723,2.008223702815515,-0.13052724930552384,2.008223330731729,-0.1586941080546473,2.008221796241949,-0.1705222423961699,2.0082215405493278,-0.5130775828799559,2.0082207038482958,-0.48798291221304657,2.0082206806090315,0.020233831319365347,2.008220587653288,0.09673841216286769,2.0082196582114613,-0.37047437090762103,2.0082191935693574,-0.5130775828799559,2.0082177999581763,-0.4004570480795102,2.00822758845082,0.07067218916902046,2.00822758845082,-0.40070731593462233,2.00822758845082,-0.02436702880979997,2.00822758845082,0.43794104237638004,2.00822758845082,-0.44194845524283527,2.008227914359521,0.8515041305875571,2.0082279376397025,-0.48805079736874574,2.0082285196870444,-0.48805079736874574,2.008228542970651,-0.4004570480795102,2.0082325497123703,-0.5130775828799559,2.0082325497123703,-0.5005641901243507,2.0082325497123703,0.1013300014202529,2.0082328527061115,-0.02505526541135824,2.0082334587605075,-0.5130775828799559,2.008235534006978,-0.36035519061473137
2.0082275651726147,0.12108927425099113,2.008223795841723,-0.42548383359072034,2.008223702815515,0.38170215136843527,2.008223702815515,0.30106096822814155,2.008223702815515,-0.27011164281574723,2.008223702815515,-0.13052724930552384,2.008223330731729,-0.1586941080546473,2.008221796241949,-0.1705222423961699,2.0082215405493278,-0.5130775828799559,2.0082207038482958,-0.48798291221304657,2.0082206806090315,0.020233831319365347,2.008220587653288,0.09673841216286769,2.0082196582114613,-0.37047437090762103,2.0082191935693574,-0.5130775828799559,2.0082177999581763,-0.4004570480795102,2.00822758845082,0.07067218916902046,2.00822758845082,-0.40070731593462233,2.00822758845082,-0.02436702880979997,2.00822758845082,0.43794104237638004,2.00822758845082,-0.44194845524283527,2.008227914359521,0.8515041305875571,2.0082279376397025,-0.48805079736874574,2.0082285196870444,-0.48805079736874574,2.008228542970651,-0.4004570480795102,2.008232363265768,2.5067169238664366,2.0082325497123703,-0.5130775828799559,2.0082325497123703,0.1013300014202529,2.0082328527061115,-0.02505526541135824,2.0082334587605075,-0.5130775828799559,2.008235534006978,-0.36035519061473137
2.0082275651726147,0.12108927425099113,2.008223795841723,-0.42548383359072034,2.008223702815515,0.38170215136843527,2.008223702815515,0.30106096822814155,2.008223702815515,-0.27011164281574723,2.008223702815515,-0.13052724930552384,2.008223330731729,-0.1586941080546473,2.008221796241949,-0.1705222423961699,2.0082215405493278,-0.5130775828799559,2.0082207038482958,-0.48798291221304657,2.0082206806090315,0.020233831319365347,2.008220587653288,0.09673841216286769,2.0082196582114613,-0.37047437090762103,2.0082191935693574,-0.5130775828799559,2.0082177999581763,-0.4004570480795102,2.00822758845082,0.07067218916902046,2.00822758845082,-0.40070731593462233,2.00822758845082,-0.02436702880979997,2.00822758845082,0.43794104237638004,2.00822758845082,-0.44194845524283527,2.008227914359521,0.8515041305875571,2.0082279376397025,-0.48805079736874574,2.0082285196870444,-0.48805079736874574,2.008228542970651,-0.4004570480795102,2.0082323399605366,-0.5130775828799559,2.008232363265768,2.5067169238664366,2.0082325497123703,0.1013300014202529,2.0082328527061115,-0.02505526541135824,2.0082334587605075,-0.5130775828799559,2.008235534006978,-0.36035519061473137
2.0082275651726147,0.12108927425099113,2.008223795841723,-0.42548383359072034,2.008223702815515,0.38170215136843527,2.008223702815515,0.30106096822814155,2.008223702815515,-0.27011164281574723,2.008223702815515,-0.13052724930552384,2.008223330731729,-0.1586941080546473,2.008221796241949,-0.1705222423961699,2.0082215405493278,-0.5130775828799559,2.0082207038482958,-0.48798291221304657,2.0082206806090315,0.020233831319365347,2.008220587653288,0.09673841216286769,2.0082196582114613,-0.37047437090762103,2.0082191935693574,-0.5130775828799559,2.0082177999581763,-0.4004570480795102,2.00822758845082,0.07067218916902046,2.00822758845082,-0.40070731593462233,2.00822758845082,-0.02436702880979997,2.00822758845082,0.43794104237638004,2.00822758845082,-0.44194845524283527,2.008227914359521,0.8515041305875571,2.0082279376397025,-0.48805079736874574,2.0082285196870444,-0.48805079736874574,2.008228542970651,-0.4004570480795102,2.0082323399605366,-0.5130775828799559,2.0082323399605366,0.1013300014202529,2.008232363265768,2.5067169238664366,2.0082328527061115,-0.02505526541135824,2.0082334587605075,-0.5130775828799559,2.008235534006978,-0.36035519061473137
2.0082275651726147,-0.22928572290595078,2.008223795841723,-0.42548383359072034,2.008223702815515,0.38170215136843527,2.008223702815515,0.30106096822814155,2.008223702815515,-0.27011164281574723,2.008223702815515,-0.13052724930552384,2.008223330731729,-0.1586941080546473,2.008221796241949,-0.1705222423961699,2.0082215405493278,-0.5130775828799559,2.0082207038482958,-0.48798291221304657,2.0082206806090315,0.020233831319365347,2.008220587653288,0.09673841216286769,2.0082196582114613,-0.37047437090762103,2.0082191935693574,-0.5130775828799559,2.0082177999581763,-0.4004570480795102,2.00822758845082,0.07067218916902046,2.00822758845082,-0.40070731593462233,2.00822758845082,-0.02436702880979997,2.00822758845082,0.43794104237638004,2.00822758845082,-0.3253766915458799,2.00822758845082,-0.44194845524283527,2.008227914359521,0.8515041305875571,2.0082279376397025,-0.48805079736874574,2.0082285196870444,-0.48805079736874574,2.008228542970651,-0.4004570480795102,2.0082322234363588,-0.5130775828799559,2.0082322467409304,2.5031380935383334,2.0082323399605366,0.1013300014202529,2.0082328527061115,-0.02505526541135824,2.0082334587605075,-0.5130775828799559
2.0082275651726147,-0.22928572290595078,2.008223795841723,-0.42548383359072034,2.008223702815515,0.38170215136843527,2.008223702815515,0.30106096822814155,2.008223702815515,-0.27011164281574723,2.008223702815515,-0.13052724930552384,2.008223330731729,-0.1586941080546473,2.008221796241949,-0.1705222423961699,2.0082215405493278,-0.5130775828799559,2.0082207038482958,-0.48798291221304657,2.0082206806090315,0.020233831319365347,2.008220587653288,0.09673841216286769,2.0082196582114613,-0.37047437090762103,2.0082191935693574,-0.5130775828799559,2.0082177999581763,-0.4004570480795102,2.00822758845082,0.07067218916902046,2.00822758845082,-0.40070731593462233,2.00822758845082,-0.02436702880979997,2.00822758845082,0.43794104237638004,2.00822758845082,-0.44194845524283527,2.00822758845082,-0.3253766915458799,2.008227914359521,0.8515041305875571,2.0082279376397025,-0.48805079736874574,2.0082285196870444,-0.48805079736874574,2.008228542970651,-0.4004570480795102,2.008232200131919,-0.5130775828799559,2.0082322234363588,-0.5005641901243507,2.0082322467409304,2.5031380935383334,2.0082323399605366,0.1013300014202529,2.0082328527061115,-0.02505526541135824
2.0082275651726147,-0.31687947219518625,2.0082239121274426,-0.42548383359072034,2.008223702815515,0.38170215136843527,2.008223702815515,0.30106096822814155,2.008223702815515,-0.27011164281574723,2.008223702815515,-0.13052724930552384,2.008223330731729,-0.1586941080546473,2.008221796241949,-0.1705222423961699,2.0082215405493278,-0.5130775828799559,2.0082207038482958,-0.48798291221304657,2.0082206806090315,0.020233831319365347,2.008220587653288,0.09673841216286769,2.0082196582114613,-0.37047437090762103,2.0082191935693574,-0.5130775828799559,2.0082177999581763,-0.4004570480795102,2.00822758845082,0.07067218916902046,2.00822758845082,-0.40070731593462233,2.00822758845082,-0.02436702880979997,2.00822758845082,0.43794104237638004,2.00822758845082,-0.3253766915458799,2.00822758845082,-0.44194845524283527,2.008227914359521,0.8515041305875571,2.0082279376397025,-0.48805079736874574,2.0082285196870444,-0.48805079736874574,2.008228542970651,-0.4004570480795102,2.008232106915479,-0.5005641901243507,2.0082321535234353,2.5066668702954145,2.0082321535234353,0.1013300014202529,2.0082328527061115,-0.02505526541135824,2.0082334354490734,-0.4630240118575356
