datetime,last,bought,sold,bid_price_0,bid_amount_0,bid_price_1,bid_amount_1,bid_price_2,bid_amount_2,bid_price_3,bid_amount_3,bid_price_4,bid_amount_4,bid_price_5,bid_amount_5,bid_price_6,bid_amount_6,bid_price_7,bid_amount_7,bid_price_8,bid_amount_8,bid_price_9,bid_amount_9,bid_price_10,bid_amount_10,bid_price_11,bid_amount_11,bid_price_12,bid_amount_12,bid_price_13,bid_amount_13,bid_price_14,bid_amount_14,ask_price_0,ask_amount_0,ask_price_1,ask_amount_1,ask_price_2,ask_amount_2,ask_price_3,ask_amount_3,ask_price_4,ask_amount_4,ask_price_5,ask_amount_5,ask_price_6,ask_amount_6,ask_price_7,ask_amount_7,ask_price_8,ask_amount_8,ask_price_9,ask_amount_9,ask_price_10,ask_amount_10,ask_price_11,ask_amount_11,ask_price_12,ask_amount_12,ask_price_13,ask_amount_13,ask_price_14,ask_amount_14
2017-09-08T09:54:13.132,3884.0,0.0,0.0,3883.88,0.01,3883.87,0.77081659,3883.78,0.03,3883.47,0.03,3883.46,0.77081659,3883.44,0.56316125,3883.39,0.04,3882.71,0.03,3882.71,0.517,3882.61,0.2,3882.43,0.01,3882.43,0.03,3879.26,0.25,3879.26,0.25,3879.25,0.78159751,3883.99,0.10392738,3884.06,0.03,3884.09,0.03,3885.39,0.01,3886.33,0.25,3886.33,0.23,3886.34,0.03859796,3887.55,0.25,3887.56,0.10392738,3887.58,0.07803448,3887.58,0.02713749,3887.89,0.25171694,3888.02,0.15417995,3888.4,0.02105333,3888.55,0.25
2017-09-08T09:54:15.717,3883.99,0.03,0.0,3883.45,0.03,3883.45,0.25,3883.44,0.56316125,3883.39,0.04,3883.01,0.01,3882.79,0.01,3882.77,0.01,3882.71,0.03,3882.61,0.2,3882.3,0.25,3879.26,0.25,3879.26,0.25,3879.25,0.78159751,3879.03,0.56315835,3879.01,0.033459,3885.1,0.03,3885.39,0.01,3885.78,0.01,3886.3,0.03,3886.31,0.23,3886.34,0.03859796,3887.54,0.25,3887.58,0.07803448,3887.58,0.02713749,3887.89,0.25171694,3888.02,0.15417995,3888.4,0.02105333,3888.55,0.25,3888.56,0.06933588,3888.6,0.04
2017-09-08T09:54:18.243,3883.99,0.0,0.0,3884.01,0.01,3884.0,0.25,3883.89,0.03,3883.79,1.57035038,3883.45,0.03,3883.45,0.25,3883.44,0.56316125,3883.39,0.04,3883.01,0.01,3882.71,0.03,3882.71,0.517,3882.61,0.2,3882.54,0.01,3879.6,0.25,3879.6,0.25,3884.07,0.03,3884.08,0.08952738,3884.19,0.03,3885.38,0.15417995,3885.39,0.01,3886.27,0.23,3886.27,0.25,3886.28,0.1,3886.34,0.03859796,3887.57,0.25,3887.58,0.07803448,3887.58,0.02713749,3887.89,0.25171694,3888.55,0.25,3888.56,0.06933588
2017-09-08T09:54:20.711,3883.99,0.0,0.0,3884.01,0.01,3884.0,0.25,3883.89,0.03,3883.8,0.033418,3883.79,1.57035038,3883.45,0.03,3883.45,0.25,3883.44,0.56316125,3883.39,0.04,3883.01,0.01,3882.71,0.03,3882.71,0.517,3882.61,0.2,3882.54,0.01,3879.36,0.78157535,3884.07,0.03,3884.07,0.23219955,3884.08,0.08952738,3884.19,0.03,3885.38,0.15417995,3885.39,0.01,3886.27,0.23,3886.27,0.25,3886.28,0.1,3886.34,0.03859796,3887.57,0.25,3887.58,0.02713749,3887.89,0.25171694,3888.5,0.02105333,3888.55,0.25
2017-09-08T09:54:22.841,3884.07,0.51359404,0.0,3884.03,0.03,3884.03,0.03,3884.02,0.23220271,3884.0,0.25,3883.8,0.033418,3883.79,1.57035038,3883.44,0.56316125,3883.39,0.04,3883.01,0.01,3883.01,0.517,3882.93,0.03,3882.84,0.01,3882.61,0.2,3880.0,0.78144643,3879.07,0.78517519,3885.37,0.03,3885.38,0.02231284,3885.39,0.01,3886.18,0.25,3886.34,0.03859796,3887.57,0.25,3887.58,0.02713749,3887.89,0.25171694,3888.56,0.06933588,3888.6,0.04,3888.61,0.29268153,3888.61,0.02640176,3888.65,0.15890975,3889.06,0.56456938,3889.11,0.08636737
2017-09-08T09:54:25.270,3884.07,0.0,0.0,3884.04,0.01,3884.03,0.23220211,3884.02,0.79055389,3884.0,0.25,3883.8,0.033418,3883.45,0.03,3883.44,0.56316125,3883.4,0.25,3883.39,0.04,3883.02,0.02,3883.01,0.01,3883.01,0.517,3882.93,0.03,3882.61,0.2,3882.55,0.01,3884.06,0.08412738,3884.27,0.03,3885.39,0.01,3886.33,0.25,3886.33,0.23,3886.34,0.03859796,3887.57,0.25,3887.58,0.02713749,3887.89,0.25171694,3888.55,0.25,3888.56,0.06933588,3888.6,0.04,3888.61,0.29268153,3888.61,0.02640176,3888.65,0.15890975
2017-09-08T09:54:27.776,3884.07,0.0,0.0,3884.05,0.01,3884.05,0.23220092,3884.02,0.79055389,3884.0,0.25,3883.9,0.03,3883.8,0.033418,3883.45,0.03,3883.44,0.56316125,3883.02,0.02,3883.02,0.517,3883.01,0.01,3882.93,0.03,3882.61,0.2,3882.55,0.01,3882.25,0.04,3884.06,0.08412738,3884.27,0.03,3885.39,0.01,3885.39,0.03,3886.34,0.03859796,3887.57,0.25,3887.58,0.02713749,3887.89,0.25171694,3888.52,0.04,3888.54,0.25,3888.56,0.06933588,3888.61,0.29268153,3888.61,0.02640176,3889.06,0.56456938,3889.11,0.08636737
2017-09-08T09:54:29.954,3884.07,0.0,0.0,3884.05,0.01,3884.05,0.23220092,3884.05,1.61329021,3884.05,1.17368059,3884.0,0.25,3883.8,0.033418,3883.47,0.03,3883.46,0.25,3883.45,0.03,3883.03,0.517,3883.02,0.02,3883.01,0.01,3882.93,0.03,3882.66,0.01,3882.66,0.03,3884.26,0.06801246,3885.1,0.03,3885.39,0.01,3886.32,0.13044387,3886.34,0.03859796,3887.55,0.25,3887.56,0.1,3887.58,0.02713749,3887.89,0.25171694,3888.52,0.04,3888.56,0.06933588,3888.61,0.29268153,3888.61,0.02640176,3889.05,0.25,3889.06,0.56456938
2017-09-08T09:54:32.700,3884.07,0.0,0.0,3884.07,0.01,3884.07,0.23219972,3884.05,1.61329021,3884.05,1.17368059,3884.0,0.25,3884.0,0.03,3883.8,0.033418,3883.47,0.03,3883.46,0.25,3883.45,0.03,3883.02,0.02,3883.02,0.517,3883.01,0.01,3882.93,0.03,3882.76,0.03,3884.26,0.06801246,3884.27,0.03,3885.39,0.01,3886.32,0.13044387,3886.34,0.03859796,3887.55,0.25,3887.55,0.23,3887.56,0.1,3887.58,0.02713749,3887.88,0.25,3887.89,0.25171694,3887.98,0.02105333,3888.52,0.04,3888.56,0.06933588,3888.61,0.02640176
2017-09-08T09:54:34.923,3884.07,0.0,0.0,3884.1,0.01,3884.08,0.03,3884.08,0.03,3884.07,0.23219972,3884.06,1.61311578,3884.0,0.25,3883.8,0.033418,3883.46,0.25,3883.45,0.03,3883.02,0.02,3883.02,0.517,3883.01,0.01,3882.93,0.03,3882.84,0.01,3882.63,0.25,3885.1,0.03,3885.39,0.01,3886.33,0.25,3886.34,0.03859796,3887.58,0.02713749,3887.89,0.25171694,3887.98,0.02105333,3888.56,0.06933588,3888.61,0.02640176,3889.06,0.56456938,3889.11,0.08636737,3889.12,0.02749109,3889.45,0.03130116,3889.58,0.01217479,3889.8,0.02791646
2017-09-08T09:54:37.287,3884.07,0.0,0.0,3884.12,0.01,3884.11,0.03,3884.11,0.03,3884.1,0.23219793,3884.07,0.04,3884.06,1.61311578,3884.06,1.17355369,3884.0,0.25,3883.81,0.25,3883.8,0.033418,3883.45,0.03,3883.02,0.02,3883.02,0.517,3883.01,0.01,3882.93,0.03,3885.1,0.03,3885.39,0.01,3886.34,0.03859796,3887.57,0.25,3887.57,0.23,3887.58,0.02713749,3887.88,0.25,3887.89,0.25171694,3888.42,0.02105333,3888.56,0.06933588,3888.61,0.02640176,3889.04,0.25,3889.05,0.04,3889.06,0.56456938,3889.11,0.08636737
2017-09-08T09:54:39.534,3884.07,0.0,0.0,3884.16,0.01,3884.15,0.03,3884.15,0.03,3884.14,0.23219554,3884.07,0.04,3884.06,1.61311578,3884.06,1.17355369,3884.0,0.25,3883.81,0.25,3883.8,0.033418,3883.45,0.03,3883.02,0.02,3883.02,0.517,3883.01,0.01,3882.93,0.03,3885.1,0.03,3885.39,0.01,3886.34,0.03859796,3887.57,0.25,3887.57,0.23,3887.58,0.02713749,3887.88,0.25,3887.89,0.25171694,3888.43,0.02105333,3888.56,0.06933588,3888.61,0.02640176,3889.04,0.25,3889.05,0.04,3889.06,0.56456938,3889.11,0.08636737
2017-09-08T09:54:42.031,3884.07,0.0,0.0,3884.17,0.03,3884.16,0.23219434,3884.12,1.61310333,3884.12,1.17354463,3884.08,0.25,3884.07,0.04,3884.0,0.25,3883.8,0.033418,3883.45,0.03,3883.02,0.02,3883.02,0.517,3883.01,0.01,3882.93,0.03,3882.84,0.01,3882.76,0.03,3885.1,0.03,3885.39,0.01,3887.53,0.1,3887.54,0.23,3887.58,0.02713749,3887.89,0.25171694,3888.45,0.25,3888.56,0.06933588,3888.61,0.02640176,3889.06,0.56456938,3889.09,0.25,3889.1,0.04,3889.11,0.08636737,3889.12,0.02749109,3889.58,0.01217479
2017-09-08T09:54:44.789,3884.07,0.0,0.0,3884.22,0.01,3884.21,0.23219135,3884.18,0.03,3884.18,0.03,3884.17,1.61309294,3884.17,1.17353707,3884.13,0.033415,3884.13,0.25,3884.07,0.04,3884.0,0.25,3883.45,0.03,3883.02,0.02,3883.02,0.517,3883.01,0.01,3882.94,0.25,3885.1,0.03,3885.39,0.01,3887.46,0.1,3887.48,0.25,3887.58,0.02713749,3887.89,0.25171694,3888.45,0.25,3888.56,0.06933588,3888.61,0.02640176,3889.06,0.56456938,3889.09,0.25,3889.1,0.04,3889.12,0.02749109,3889.58,0.01217479,3889.8,0.02791646
2017-09-08T09:54:47.037,3884.07,0.0,0.0,3884.25,0.03,3884.24,0.23218956,3884.17,1.61309294,3884.17,1.17353707,3884.14,0.25,3884.13,0.033415,3884.07,0.04,3884.0,0.25,3883.45,0.03,3883.03,0.517,3883.02,0.02,3883.01,0.01,3882.93,0.03,3882.84,0.01,3882.84,0.01,3885.1,0.03,3885.39,0.01,3887.42,0.03,3887.43,0.25,3887.44,0.1,3887.58,0.02713749,3887.89,0.25171694,3888.49,0.02105333,3888.55,0.25,3888.56,0.06933588,3888.61,0.02640176,3889.06,0.56456938,3889.1,0.04,3889.12,0.02749109,3889.58,0.01217479
2017-09-08T09:54:49.224,3884.07,0.0,0.0,3884.27,0.03,3884.26,0.23218837,3884.17,1.17353707,3884.13,0.033415,3884.07,0.04,3884.0,0.25,3883.45,0.03,3883.05,0.25,3883.04,0.517,3883.02,0.02,3883.01,0.01,3882.93,0.03,3882.84,0.03,3882.84,0.01,3882.61,0.2,3885.1,0.03,3885.39,0.01,3886.18,0.01,3887.4,0.03,3887.4,0.1,3887.41,0.23,3887.41,0.25,3887.58,0.02713749,3887.89,0.25171694,3888.49,0.25,3888.5,0.02105333,3888.61,0.02640176,3889.06,0.56456938,3889.1,0.04,3889.12,0.02749109
2017-09-08T09:54:51.453,3884.07,0.0,0.0,3884.29,0.03,3884.29,0.03,3884.28,0.23218717,3884.23,1.61308049,3884.13,0.033415,3884.07,0.04,3884.0,0.25,3883.45,0.03,3883.45,0.517,3883.06,0.25,3883.02,0.02,3883.01,0.01,3882.93,0.03,3882.84,0.01,3882.84,0.03,3885.1,0.03,3885.39,0.01,3886.18,0.01,3887.37,0.25,3887.4,0.1,3887.58,0.02713749,3887.89,0.25171694,3888.51,0.02105333,3888.6,0.25,3888.61,0.02640176,3889.06,0.56456938,3889.1,0.04,3889.12,0.02749109,3889.57,0.25,3889.58,0.01217479
2017-09-08T09:54:53.830,3885.1,0.02,0.0,3884.32,0.23218478,3884.24,0.03,3884.23,1.61308049,3884.23,1.17352801,3884.23,0.03,3884.2,0.25,3884.13,0.033415,3884.07,0.04,3884.0,0.25,3883.45,0.03,3883.45,0.517,3883.03,0.25,3883.02,0.02,3883.01,0.01,3882.97,0.03,3885.1,0.01,3885.39,0.01,3887.31,0.1,3887.32,0.25,3887.58,0.02713749,3887.89,0.25171694,3888.51,0.25,3888.52,0.02105333,3888.61,0.02640176,3889.06,0.56456938,3889.1,0.04,3889.12,0.02749109,3889.58,0.01217479,3890.0,0.14485291,3890.28,0.06801246
2017-09-08T09:54:56.228,3885.1,0.0,0.0,3884.37,0.03,3884.37,0.03,3884.36,0.23218239,3884.23,1.61308049,3884.23,1.17352801,3884.14,0.25,3884.13,0.033415,3884.07,0.04,3884.0,0.25,3883.45,0.03,3883.45,0.517,3883.02,0.02,3883.01,0.01,3882.98,0.25,3882.97,0.03,3885.1,0.01,3885.39,0.01,3887.26,0.1,3887.27,0.23,3887.58,0.02713749,3888.5,0.25,3888.53,0.02105333,3889.06,0.56456938,3889.09,0.25,3889.1,0.04,3889.12,0.02749109,3889.58,0.01217479,3890.0,0.14485291,3890.27,0.25,3890.28,0.06801246
2017-09-08T09:54:58.500,3885.1,0.0,0.0,3884.38,0.03,3884.37,0.23218179,3884.25,0.01,3884.24,0.03,3884.23,1.61308049,3884.23,1.17352801,3884.13,0.033415,3884.07,0.04,3884.0,0.25,3883.46,0.25,3883.45,0.03,3883.45,0.517,3883.02,0.02,3883.01,0.01,3882.97,0.03,3885.1,0.01,3885.39,0.01,3887.21,0.25,3887.22,0.1,3888.56,0.02105333,3889.05,0.25,3889.05,0.25,3889.06,0.56456938,3889.1,0.04,3889.12,0.02749109,3889.58,0.01217479,3890.0,0.14485291,3890.27,0.25,3890.28,0.06801246,3892.39,0.25
2017-09-08T09:55:01.151,3885.1,0.0,0.0,3884.39,0.01,3884.38,0.03,3884.37,0.23218179,3884.24,0.03,3884.23,1.61308049,3884.23,1.17352801,3884.13,0.033415,3884.13,0.04,3884.0,0.25,3883.47,0.25,3883.47,0.517,3883.45,0.03,3883.02,0.02,3883.01,0.01,3882.97,0.03,3885.1,0.01,3885.39,0.01,3887.18,0.03,3887.19,0.25,3887.2,0.1,3888.55,0.25,3889.04,0.25,3889.05,0.04,3889.06,0.56456938,3889.11,0.0473203,3889.12,0.02749109,3889.33,0.30665242,3889.58,0.01217479,3890.0,0.14485291,3890.27,0.25
2017-09-08T09:55:03.497,3885.1,0.0,0.0,3884.41,0.03,3884.4,0.23218,3884.24,0.03,3884.23,1.61308049,3884.23,1.17352801,3884.13,0.033415,3884.13,0.04,3884.0,0.25,3883.45,0.03,3883.45,0.517,3883.02,0.02,3883.01,0.01,3882.97,0.03,3882.97,0.03,3882.93,0.03,3885.1,0.01,3885.39,0.01,3887.17,0.23,3888.54,0.25,3888.56,0.25,3889.04,0.25,3889.05,0.04,3889.06,0.56456938,3889.11,0.0473203,3889.12,0.02749109,3889.33,0.30665242,3889.58,0.01217479,3890.0,0.14485291,3890.27,0.25,3890.28,0.06801246
2017-09-08T09:55:05.959,3885.1,0.0,0.0,3884.42,0.2321788,3884.25,0.01,3884.23,0.80654024,3884.23,1.17352801,3884.14,0.03,3884.13,0.033415,3884.01,0.03,3884.01,0.03,3884.0,0.25,3883.49,0.25,3883.48,0.517,3883.45,0.03,3883.02,0.02,3883.01,0.01,3882.93,0.03,3885.1,0.01,3885.39,0.01,3888.49,0.01,3888.49,0.1,3888.5,0.25,3888.58,0.02105333,3889.06,0.56456938,3889.11,0.0473203,3889.12,0.02749109,3889.12,0.30591484,3889.33,0.30665242,3889.58,0.01217479,3889.99,0.25,3890.0,0.14485291,3890.28,0.06801246
2017-09-08T09:55:08.283,3885.1,0.0,0.0,3884.44,0.01,3884.43,0.03,3884.42,0.2321788,3884.24,0.03,3884.24,0.04,3884.23,0.80654024,3884.23,1.17352801,3884.14,0.03,3884.0,0.25,3883.5,0.25,3883.49,0.517,3883.45,0.03,3883.02,0.02,3883.01,0.01,3882.97,0.03,3885.1,0.01,3885.39,0.01,3888.45,0.1,3888.46,0.25,3888.46,0.23,3888.46,0.25,3888.59,0.02105333,3889.05,0.25,3889.06,0.56456938,3889.11,0.0473203,3889.12,0.02749109,3889.12,0.30591484,3889.32,0.04,3889.33,0.30665242,3889.58,0.01217479
2017-09-08T09:55:10.906,3885.1,0.0,0.0,3884.46,0.03,3884.45,0.23217701,3884.4,1.17350233,3884.24,0.03,3884.24,0.04,3884.24,0.033414,3884.23,0.80654024,3884.14,0.03,3884.0,0.25,3883.45,0.03,3883.03,0.25,3883.02,0.02,3883.01,0.01,3882.97,0.03,3882.93,0.03,3885.1,0.01,3885.38,0.06801246,3885.38,0.03,3885.39,0.01,3888.42,0.25,3888.42,0.25,3888.43,0.1,3889.06,0.56456938,3889.11,0.0473203,3889.11,0.04,3889.12,0.02749109,3889.12,0.30591484,3889.33,0.30665242,3889.58,0.01217479,3889.99,0.25
2017-09-08T09:55:13.384,3885.1,0.2,0.0,3884.48,0.08,3884.47,0.03,3884.46,0.03,3884.46,0.03,3884.45,0.23217701,3884.4,1.17350233,3884.24,0.04,3884.24,0.033414,3884.23,0.80654024,3884.14,0.03,3884.0,0.25,3883.45,0.03,3883.45,0.517,3883.24,0.03,3883.02,0.02,3885.1,0.03,3886.34,0.03372759,3888.61,0.02105333,3889.05,0.1346968,3889.06,0.56456938,3889.11,0.0473203,3889.11,0.04,3889.12,0.02749109,3889.12,0.30591484,3889.33,0.30665242,3889.58,0.01217479,3890.0,0.14485291,3890.29,0.13941146,3892.0,0.0121567,3892.4,0.08198754
2017-09-08T09:55:15.739,3885.1,0.0,0.0,3884.5,0.09,3884.49,0.03,3884.49,0.23217462,3884.47,0.03,3884.47,1.17349176,3884.46,0.03,3884.41,0.25,3884.24,0.04,3884.24,0.033414,3884.23,0.80654024,3884.14,0.03,3884.0,0.25,3883.45,0.03,3883.45,0.517,3883.25,0.25,3885.1,0.03,3886.34,0.03372759,3888.4,0.1,3888.41,0.06801246,3888.58,0.25,3888.62,0.02105333,3889.05,0.13044387,3889.06,0.56456938,3889.1,0.02956762,3889.11,0.0473203,3889.11,0.04,3889.12,0.02749109,3889.12,0.30591484,3889.33,0.30665242,3889.57,0.25
2017-09-08T09:55:18.615,3885.1,0.0,0.0,3884.5,0.03,3884.49,0.23217462,3884.47,0.03,3884.47,1.17349176,3884.46,0.03,3884.24,0.04,3884.24,0.033414,3884.23,0.80654024,3884.14,0.03,3884.01,0.25,3884.0,0.25,3883.45,0.03,3883.45,0.517,3883.24,0.03,3883.02,0.02,3885.1,0.03,3886.34,0.03372759,3888.35,0.15,3888.36,0.17200145,3888.41,0.06801246,3888.63,0.02105333,3888.65,0.15717366,3889.05,0.13044387,3889.06,0.56456938,3889.09,0.25,3889.1,0.02956762,3889.11,0.0473203,3889.11,0.04,3889.12,0.02749109,3889.12,0.30591484
2017-09-08T09:55:21.028,3885.1,0.0,0.0,3884.54,0.23217163,3884.53,0.09,3884.51,1.6375105,3884.51,1.17348572,3884.47,0.03,3884.46,0.03,3884.24,0.04,3884.24,0.033414,3884.14,0.03,3884.01,0.25,3884.0,0.25,3883.45,0.03,3883.45,0.517,3883.24,0.03,3883.02,0.02,3885.1,0.03,3886.33,0.05577021,3886.33,0.01,3886.34,0.03372759,3888.33,0.25,3888.33,0.15,3888.34,0.10691215,3888.39,0.13044387,3888.65,0.15717366,3889.05,0.25,3889.06,0.56456938,3889.1,0.02956762,3889.11,0.0473203,3889.11,0.04,3889.12,0.02749109
2017-09-08T09:55:23.596,3885.1,0.0,0.0,3884.58,0.03,3884.57,0.23216984,3884.51,1.6375105,3884.51,1.17348572,3884.47,0.03,3884.46,0.03,3884.25,0.25,3884.24,0.04,3884.24,0.033414,3884.14,0.03,3884.0,0.25,3883.45,0.03,3883.45,0.517,3883.24,0.03,3883.03,0.25,3885.1,0.03,3886.33,0.05577021,3886.34,0.03372759,3886.34,0.01,3888.33,0.25,3888.33,0.15,3888.34,0.10691215,3888.39,0.13044387,3888.65,0.15717366,3888.66,0.02105333,3889.05,0.04,3889.06,0.56456938,3889.1,0.02956762,3889.11,0.0473203,3889.12,0.02749109
2017-09-08T09:55:26.189,3885.1,0.0,0.0,3884.64,0.03,3884.63,0.25,3884.62,0.23216685,3884.55,1.63750207,3884.55,1.17347968,3884.47,0.03,3884.46,0.03,3884.24,0.04,3884.24,0.033414,3884.14,0.03,3884.0,0.25,3883.45,0.03,3883.45,0.517,3883.25,0.25,3883.24,0.03,3885.1,0.03,3886.34,0.03372759,3888.32,0.1,3888.32,0.13044387,3888.64,0.25,3888.64,0.15,3888.65,0.15717366,3888.67,0.02105333,3889.05,0.04,3889.06,0.56456938,3889.1,0.02956762,3889.11,0.0473203,3889.12,0.02749109,3889.12,0.30591484,3889.33,0.30665242
2017-09-08T09:55:28.656,3885.1,0.0,0.0,3884.63,0.09,3884.62,1.63748731,3884.49,0.03,3884.48,0.25,3884.47,0.03,3884.46,0.03,3884.24,0.04,3884.24,0.033414,3884.14,0.03,3884.0,0.25,3883.45,0.03,3883.45,0.517,3883.25,0.25,3883.24,0.03,3883.02,0.02,3885.1,0.03,3886.34,0.03372759,3888.64,0.25,3888.64,0.15,3888.65,0.15717366,3889.05,0.04,3889.06,0.56456938,3889.1,0.02956762,3889.11,0.0473203,3889.12,0.02749109,3889.12,0.30591484,3889.33,0.30665242,3889.57,0.25,3889.58,0.01217479,3890.0,0.14485291
2017-09-08T09:55:31.412,3885.1,0.0,0.0,3884.69,0.03,3884.68,0.25,3884.68,0.09,3884.67,0.23216386,3884.62,1.63748731,3884.62,1.17346911,3884.48,0.25,3884.47,0.03,3884.46,0.03,3884.24,0.04,3884.14,0.03,3884.0,0.25,3883.45,0.03,3883.45,0.517,3883.25,0.25,3885.1,0.03,3886.34,0.03372759,3888.59,0.17224349,3888.62,0.15,3888.63,0.13044387,3888.65,0.15717366,3888.71,0.02105333,3889.05,0.04,3889.06,0.56456938,3889.1,0.02956762,3889.11,0.0473203,3889.12,0.02749109,3889.12,0.30591484,3889.57,0.25,3889.58,0.01217479
2017-09-08T09:55:33.897,3885.1,0.08,0.0,3884.71,0.25,3884.71,0.09,3884.7,0.23216207,3884.7,0.03,3884.67,1.63747677,3884.67,1.17346155,3884.63,0.033411,3884.47,0.03,3884.46,0.03,3884.24,0.04,3884.14,0.03,3884.0,0.25,3883.45,0.03,3883.45,0.517,3883.31,0.25,3886.34,0.01372759,3888.58,0.03,3888.58,0.25,3888.59,0.19299843,3888.61,0.13044387,3888.65,0.15717366,3888.72,0.02105333,3889.05,0.04,3889.06,0.56456938,3889.1,0.02956762,3889.11,0.0473203,3889.12,0.02749109,3889.12,0.30591484,3889.58,0.01217479,3890.0,0.14485291
2017-09-08T09:55:36.350,3885.1,0.0,0.0,3884.74,0.03,3884.73,0.09,3884.73,0.25,3884.72,0.23216087,3884.67,1.63747677,3884.67,1.17346155,3884.63,0.033411,3884.48,0.25,3884.47,0.03,3884.46,0.03,3884.24,0.04,3884.14,0.03,3884.0,0.25,3883.45,0.03,3883.36,0.25,3886.34,0.01372759,3887.08,0.03,3887.09,0.01168443,3888.54,0.25,3888.55,0.1,3888.56,0.15,3888.61,0.13044387,3888.65,0.15717366,3889.05,0.04,3889.06,0.56456938,3889.1,0.02956762,3889.11,0.0473203,3889.12,0.30591484,3889.35,0.02105333,3889.57,0.25
2017-09-08T09:55:38.852,3885.1,0.0,0.0,3884.76,0.09,3884.75,0.03,3884.74,0.23215968,3884.73,1.63720285,3884.73,1.17326525,3884.63,0.033411,3884.48,0.25,3884.47,0.03,3884.46,0.03,3884.24,0.04,3884.14,0.03,3884.01,0.517,3884.0,0.25,3883.45,0.03,3883.36,0.25,3886.34,0.01372759,3887.08,0.03,3887.09,0.01168443,3888.54,0.25,3888.54,0.15,3888.55,0.1,3888.56,0.13044387,3889.05,0.04,3889.06,0.56456938,3889.1,0.02956762,3889.11,0.0473203,3889.12,0.30591484,3889.36,0.02105333,3889.57,0.25,3889.58,0.01217479
2017-09-08T09:55:41.290,3885.1,0.0,0.0,3884.77,0.03,3884.76,0.09,3884.76,0.25,3884.74,0.23215968,3884.74,0.04,3884.73,1.63720285,3884.73,1.17326525,3884.63,0.033411,3884.48,0.25,3884.47,0.03,3884.46,0.03,3884.15,0.517,3884.14,0.03,3884.0,0.25,3883.45,0.03,3886.34,0.01372759,3887.08,0.03,3887.09,0.01168443,3888.53,0.15,3888.56,0.13044387,3889.06,0.56456938,3889.1,0.02956762,3889.11,0.0473203,3889.12,0.30591484,3889.37,0.02105333,3889.57,0.25,3889.57,0.04,3889.58,0.01217479,3889.58,0.04536734,3889.58,0.02427083
2017-09-08T09:55:43.727,3885.1,0.0,0.0,3884.8,0.03,3884.79,0.23215669,3884.74,0.04,3884.73,1.17326525,3884.63,0.033411,3884.47,0.03,3884.46,0.03,3884.17,0.517,3884.16,0.25,3884.14,0.03,3884.0,0.25,3883.45,0.03,3883.35,0.03,3883.03,0.25,3883.02,0.02,3886.34,0.01372759,3887.08,0.03,3887.09,0.01168443,3888.55,0.25,3888.55,0.15,3888.56,0.13044387,3889.06,0.56456938,3889.1,0.02956762,3889.11,0.0473203,3889.12,0.30591484,3889.58,0.01217479,3889.58,0.04536734,3889.58,0.02427083,3889.94,0.04819581,3890.0,0.14485291
2017-09-08T09:55:46.232,3885.1,0.0,0.0,3885.95,0.03,3885.94,0.23208798,3885.93,0.58663036,3884.76,0.81859826,3884.76,0.58663036,3884.74,0.04,3884.63,0.033411,3884.47,0.03,3884.46,0.03,3884.16,0.25,3884.16,0.517,3884.14,0.03,3884.0,0.25,3883.45,0.03,3883.35,0.03,3886.32,0.03,3886.33,0.05577021,3886.33,0.13044387,3886.34,0.01372759,3887.09,0.01168443,3887.63,0.01,3888.55,0.25,3888.55,0.15,3889.06,0.56456938,3889.1,0.02956762,3889.11,0.0473203,3889.12,0.30591484,3889.35,0.04,3889.58,0.01217479,3889.58,0.04536734
2017-09-08T09:55:48.809,3885.1,0.0,0.0,3885.96,0.03,3885.95,0.23208739,3885.95,0.81847503,3885.93,0.58663036,3884.76,0.81859826,3884.74,0.04,3884.63,0.033411,3884.47,0.03,3884.46,0.03,3884.16,0.25,3884.16,0.517,3884.14,0.03,3884.0,0.25,3883.45,0.03,3883.35,0.03,3886.32,0.03,3886.34,0.01372759,3887.09,0.01168443,3888.55,0.25,3888.55,0.15,3889.06,0.56456938,3889.1,0.02956762,3889.11,0.0473203,3889.12,0.30591484,3889.35,0.04,3889.58,0.01217479,3889.58,0.04536734,3889.58,0.02427083,3889.97,0.02105333,3889.99,0.05577021
2017-09-08T09:55:51.745,3885.1,0.0,0.0,3885.98,0.03,3885.95,0.81847503,3885.95,0.58654205,3885.93,0.58663036,3884.76,0.81859826,3884.74,0.04,3884.63,0.033411,3884.47,0.03,3884.47,0.517,3884.46,0.03,3884.16,0.25,3884.14,0.03,3884.0,0.25,3883.45,0.03,3883.35,0.03,3886.31,0.13044387,3886.32,0.03,3886.34,0.01372759,3887.09,0.01168443,3888.55,0.25,3888.55,0.15,3889.06,0.56456938,3889.1,0.02956762,3889.11,0.0473203,3889.12,0.30591484,3889.35,0.04,3889.58,0.01217479,3889.58,0.04536734,3889.58,0.02427083,3889.99,0.05577021
2017-09-08T09:55:54.255,3885.1,0.0,0.0,3885.99,0.03,3885.98,0.2320856,3885.97,0.81847398,3885.95,0.81847503,3885.95,0.58654205,3884.63,0.033411,3884.63,0.517,3884.47,0.03,3884.46,0.03,3884.18,0.04,3884.16,0.25,3884.14,0.03,3884.0,0.25,3883.45,0.03,3883.35,0.03,3886.32,0.03,3886.34,0.01372759,3887.09,0.01168443,3888.55,0.25,3888.55,0.15,3889.06,0.56456938,3889.1,0.02956762,3889.11,0.0473203,3889.12,0.30591484,3889.58,0.01217479,3889.58,0.04536734,3889.58,0.02427083,3889.98,0.02105333,3889.98,0.04,3889.99,0.05577021
2017-09-08T09:55:56.840,3885.1,0.0,0.0,3885.98,0.2320856,3885.98,0.03,3885.97,0.81847398,3885.97,0.5865413,3885.96,0.0334,3885.95,0.81847503,3885.95,0.58654205,3884.48,0.25,3884.47,0.03,3884.47,0.517,3884.46,0.03,3884.18,0.04,3884.14,0.03,3884.0,0.25,3883.45,0.03,3886.29,0.03,3886.3,0.13044387,3886.34,0.01372759,3887.09,0.01168443,3889.05,0.25,3889.05,0.25,3889.05,0.15,3889.06,0.56456938,3889.1,0.02956762,3889.11,0.0473203,3889.12,0.30591484,3889.58,0.01217479,3889.58,0.04536734,3889.58,0.02427083,3889.97,0.02105333
2017-09-08T09:55:59.752,3885.1,0.0,0.0,3886.01,0.09,3886.0,0.81846977,3886.0,0.03,3886.0,0.2320844,3885.97,0.81847398,3885.97,0.5865413,3885.96,0.0334,3885.95,0.58654205,3884.49,0.25,3884.48,0.517,3884.47,0.03,3884.46,0.03,3884.18,0.04,3884.14,0.03,3884.01,0.25,3886.29,0.03,3886.3,0.13044387,3886.34,0.01372759,3887.09,0.01168443,3887.65,0.01,3889.05,0.25,3889.05,0.25,3889.05,0.15,3889.06,0.56456938,3889.1,0.02956762,3889.11,0.0473203,3889.12,0.30591484,3889.57,0.05577021,3889.58,0.01217479,3889.58,0.04536734
2017-09-08T09:56:02.342,3885.1,0.0,0.0,3886.02,0.09,3886.01,0.2320838,3886.0,0.81846977,3886.0,0.03,3885.97,0.81847398,3885.97,0.5865413,3885.96,0.0334,3885.95,0.58654205,3884.5,0.517,3884.48,0.25,3884.47,0.03,3884.46,0.03,3884.18,0.04,3884.14,0.03,3884.01,0.25,3886.29,0.01,3886.3,0.13044387,3886.34,0.01372759,3887.09,0.01168443,3887.65,0.01,3889.05,0.25,3889.05,0.25,3889.05,0.15,3889.06,0.56456938,3889.1,0.02956762,3889.11,0.0473203,3889.12,0.30591484,3889.57,0.05577021,3889.58,0.01217479,3889.58,0.04536734
2017-09-08T09:56:05.233,3886.29,0.02,0.0,3886.02,0.09,3886.01,0.2320838,3886.0,0.03,3885.96,0.0334,3884.52,0.25,3884.51,0.517,3884.47,0.03,3884.46,0.03,3884.18,0.04,3884.14,0.03,3884.0,0.25,3883.46,0.25,3883.45,0.03,3883.35,0.03,3883.02,0.02,3886.29,0.01,3886.34,0.01372759,3887.09,0.01168443,3887.65,0.01,3889.05,0.25,3889.05,0.25,3889.05,0.15,3889.06,0.56456938,3889.1,0.02956762,3889.11,0.0473203,3889.12,0.30591484,3889.58,0.01217479,3889.58,0.04536734,3889.58,0.02427083,3889.98,0.04
2017-09-08T09:56:07.813,3886.29,0.0,0.0,3886.03,0.23208261,3885.96,0.0334,3885.96,0.03,3884.53,0.517,3884.47,0.03,3884.46,0.03,3884.18,0.04,3884.14,0.03,3884.01,0.25,3884.0,0.25,3883.45,0.03,3883.35,0.03,3883.02,0.02,3883.02,0.01,3882.62,0.25,3886.29,0.01,3886.34,0.01372759,3887.09,0.01168443,3887.65,0.01,3889.05,0.25,3889.05,0.25,3889.05,0.15,3889.06,0.56456938,3889.1,0.02956762,3889.11,0.0473203,3889.12,0.30591484,3889.58,0.01217479,3889.58,0.04536734,3889.58,0.02427083,3889.98,0.04
2017-09-08T09:56:10.336,3886.29,0.0,0.0,3886.05,0.09,3886.05,0.23208141,3886.02,0.03,3885.96,0.0334,3884.56,0.25,3884.54,0.517,3884.47,0.03,3884.46,0.03,3884.18,0.04,3884.14,0.03,3884.01,0.25,3884.0,0.25,3883.45,0.03,3883.35,0.03,3883.02,0.02,3886.29,0.01,3886.34,0.01372759,3887.09,0.01168443,3889.05,0.25,3889.05,0.15,3889.06,0.56456938,3889.09,0.25,3889.1,0.02956762,3889.11,0.0473203,3889.12,0.30591484,3889.44,0.31203002,3889.58,0.01217479,3889.58,0.04536734,3889.58,0.02427083,3889.98,0.04
2017-09-08T09:56:13.025,3886.29,0.0,0.0,3886.06,0.09,3886.05,0.23208141,3886.05,0.07014,3886.05,0.10045,3886.05,0.17544,3886.05,0.16425,3886.02,0.03,3885.96,0.0334,3884.57,0.25,3884.57,0.517,3884.47,0.03,3884.46,0.03,3884.14,0.03,3884.01,0.25,3884.0,0.25,3886.29,0.01,3886.34,0.01372759,3889.02,0.1,3889.03,0.15,3889.06,0.56456938,3889.09,0.25,3889.1,0.02956762,3889.11,0.0473203,3889.12,0.30591484,3889.44,0.31203002,3889.58,0.01217479,3889.58,0.04536734,3889.58,0.02427083,3890.0,0.14485291,3890.0,0.02105333
2017-09-08T09:56:15.589,3886.29,0.0,0.0,3886.07,0.09,3886.05,0.07014,3886.05,0.10045,3886.05,0.17544,3886.05,0.16425,3886.03,0.03,3885.96,0.0334,3884.59,0.25,3884.47,0.03,3884.47,0.517,3884.46,0.03,3884.14,0.03,3884.03,0.25,3884.02,0.04,3884.0,0.25,3886.29,0.01,3886.34,0.01372759,3888.96,0.1,3888.96,0.01,3888.97,0.25,3888.97,0.15,3889.05,0.25,3889.06,0.56456938,3889.1,0.02956762,3889.11,0.0473203,3889.12,0.30591484,3889.43,0.04,3889.58,0.01217479,3889.58,0.04536734,3889.58,0.02427083
2017-09-08T09:56:18.598,3886.29,0.0,0.0,3886.28,0.07014,3886.28,0.09,3886.28,0.10045,3886.13,0.03,3886.09,1.6369269,3886.05,0.17544,3886.05,0.16425,3885.96,0.0334,3884.61,0.25,3884.6,0.517,3884.47,0.03,3884.46,0.03,3884.14,0.03,3884.02,0.25,3884.01,0.04,3886.29,0.01,3886.34,0.01372759,3888.9,0.25,3888.9,0.15,3888.91,0.05577021,3889.05,0.25,3889.06,0.56456938,3889.1,0.02956762,3889.12,0.30591484,3889.43,0.04,3889.58,0.01217479,3889.58,0.04536734,3889.58,0.02427083,3890.0,0.14485291,3890.02,0.02105333
2017-09-08T09:56:21.483,3886.29,0.03,0.0,3886.32,0.1,3886.31,0.03,3886.3,0.23206648,3886.28,0.07014,3886.28,0.10045,3886.28,0.17544,3886.14,1.63688478,3886.1,0.033398,3884.62,0.25,3884.61,0.517,3884.47,0.03,3884.46,0.03,3884.14,0.03,3884.02,0.25,3884.01,0.04,3888.84,0.25,3888.85,0.13804951,3888.89,0.05577021,3888.91,0.05577021,3889.05,0.25,3889.06,0.56456938,3889.1,0.02956762,3889.12,0.30591484,3889.43,0.04,3889.58,0.01217479,3889.58,0.02427083,3890.0,0.14485291,3890.12,0.02105333,3890.97,0.02817425,3891.16,0.01647027
2017-09-08T09:56:24.080,3886.29,0.0,0.0,3886.73,0.07014,3886.73,0.10045,3886.73,0.03,3886.32,0.23206529,3886.31,0.58632253,3886.31,0.81816871,3886.3,0.01,3886.28,0.17544,3886.28,0.16425,3886.11,0.1,3886.1,0.033398,3884.65,0.517,3884.64,0.25,3884.48,0.58632253,3884.47,0.03,3888.8,0.25,3888.86,0.13044387,3888.89,0.05577021,3889.06,0.56456938,3889.1,0.02956762,3889.11,0.04,3889.12,0.30591484,3889.58,0.01217479,3889.58,0.02427083,3890.0,0.14485291,3890.97,0.02817425,3891.15,0.13044387,3891.16,0.01647027,3891.16,0.05851176,3891.24,0.03345803
2017-09-08T09:56:26.644,3886.74,0.0,1.41,3886.73,0.16425,3886.34,0.01624162,3886.31,0.58632253,3886.31,0.81816871,3886.3,0.01,3886.11,0.1,3886.1,0.033398,3885.86,0.03,3884.68,0.25,3884.47,0.03,3884.46,0.03,3884.14,0.03,3884.01,0.04,3884.0,0.25,3883.92,0.02,3888.74,0.25,3888.75,0.15107967,3888.88,0.25,3888.89,0.05577021,3889.06,0.56456938,3889.1,0.02956762,3889.11,0.04,3889.58,0.01217479,3889.58,0.02427083,3889.99,0.25,3890.0,0.14485291,3890.97,0.02817425,3891.14,0.25,3891.15,0.13044387,3891.16,0.05851176
2017-09-08T09:56:29.535,3886.74,0.0,0.0,3886.76,0.03,3886.75,0.81813293,3886.34,0.01624162,3886.32,0.1,3886.31,0.58632253,3886.3,0.01,3886.1,0.033398,3885.86,0.03,3884.71,0.517,3884.47,0.03,3884.46,0.03,3884.14,0.03,3884.01,0.04,3884.0,0.25,3883.92,0.02,3888.21,0.01219505,3888.89,0.05577021,3889.05,0.25,3889.1,0.02956762,3889.11,0.04,3889.58,0.01217479,3889.58,0.02427083,3890.0,0.14485291,3890.96,0.25,3890.97,0.02817425,3891.15,0.13044387,3891.16,0.05851176,3891.18,0.02105333,3891.24,0.03345803,3891.77,0.25
2017-09-08T09:56:32.100,3886.74,0.0,0.0,3886.76,0.03,3886.75,0.81813293,3886.35,0.1,3886.34,0.01624162,3886.31,0.58632253,3886.3,0.01,3886.1,0.033398,3885.86,0.03,3884.48,0.25,3884.47,0.03,3884.46,0.03,3884.15,0.25,3884.14,0.03,3884.01,0.04,3884.0,0.25,3888.19,0.03,3888.2,0.25,3888.2,0.14,3888.21,0.01219505,3888.89,0.05577021,3889.11,0.04,3889.16,0.25,3889.58,0.01217479,3889.58,0.02427083,3890.0,0.14485291,3890.96,0.25,3890.97,0.02817425,3891.15,0.13044387,3891.16,0.05851176,3891.77,0.25
2017-09-08T09:56:35.294,3888.21,0.01,0.0,3887.17,0.03,3887.16,0.67385208,3886.37,0.1,3886.36,0.67385208,3886.31,0.58632253,3886.3,0.01,3886.1,0.033398,3885.81,0.03,3885.81,0.517,3884.5,0.25,3884.47,0.03,3884.46,0.03,3884.15,0.25,3884.14,0.03,3884.01,0.04,3888.16,0.14,3888.18,0.25,3888.19,0.20011747,3888.21,0.00219505,3889.1,0.20011747,3889.11,0.04,3889.57,0.25,3889.58,0.01217479,3890.0,0.14485291,3890.96,0.25,3890.97,0.02817425,3891.14,0.13044387,3891.15,0.13044387,3891.16,0.05851176,3891.31,0.02105333
2017-09-08T09:56:38.318,3888.21,0.0,0.0,3887.57,0.16425,3887.57,0.03,3887.16,0.67385208,3886.39,0.67385555,3886.31,0.58632253,3886.3,0.01,3886.1,0.033398,3885.81,0.03,3885.81,0.517,3884.52,0.25,3884.47,0.03,3884.46,0.03,3884.26,0.78058939,3884.15,0.25,3884.14,0.03,3888.18,0.25,3888.18,0.03,3888.19,0.20011747,3888.21,0.00219505,3889.11,0.04,3889.57,0.25,3889.58,0.01217479,3890.0,0.14485291,3890.96,0.25,3890.97,0.02817425,3891.13,0.13044387,3891.16,0.05851176,3891.5,0.25,3891.78,0.02324797,3892.0,0.0121567
2017-09-08T09:56:40.944,3888.21,0.0,0.0,3887.57,0.16425,3887.57,0.03,3887.16,0.67385208,3886.32,0.67381741,3886.31,0.58632253,3886.3,0.01,3886.1,0.033398,3886.1,0.517,3885.91,0.03,3884.47,0.03,3884.46,0.03,3884.27,0.25,3884.26,0.78058939,3884.14,0.03,3884.01,0.04,3888.15,0.03,3888.16,0.25,3888.19,0.20011747,3888.21,0.00219505,3889.11,0.04,3889.55,0.25,3889.58,0.01217479,3890.0,0.14485291,3890.94,0.25,3891.11,0.13044387,3891.12,0.13044387,3891.7,0.25,3891.72,0.02105333,3891.78,0.02324797,3892.0,0.0121567
2017-09-08T09:56:43.705,3888.21,0.0,0.0,3887.96,0.16425,3887.16,0.67385208,3886.42,0.1,3886.32,0.67382001,3886.31,0.58632253,3886.3,0.01,3886.3,0.517,3885.91,0.03,3884.48,0.25,3884.47,0.03,3884.46,0.03,3884.14,0.03,3884.01,0.04,3884.0,0.25,3883.92,0.02,3888.18,0.25,3888.19,0.20011747,3888.21,0.00219505,3889.11,0.04,3889.58,0.01217479,3890.0,0.14485291,3891.1,0.25,3891.1,0.13044387,3891.11,0.13044387,3891.77,0.25,3891.78,0.02324797,3892.0,0.0121567,3892.0,0.14195355,3892.18,0.01207769,3892.83,0.02360344
2017-09-08T09:56:46.381,3888.21,0.0,0.0,3887.57,0.16425,3887.57,0.03,3887.16,0.67385208,3886.43,0.67378535,3886.33,0.517,3886.32,0.1,3886.31,0.58632253,3886.3,0.01,3885.91,0.03,3884.48,0.25,3884.47,0.03,3884.46,0.03,3884.14,0.03,3884.0,0.25,3883.92,0.02,3888.18,0.03,3888.18,0.25,3888.19,0.20011747,3888.21,0.00219505,3889.58,0.01217479,3890.0,0.14485291,3891.08,0.25,3891.09,0.13044387,3891.1,0.13044387,3891.7,0.25,3891.78,0.02324797,3892.0,0.0121567,3892.0,0.14195355,3892.18,0.01207769,3892.82,0.25
2017-09-08T09:56:49.007,3888.21,0.0,0.0,3888.17,0.16425,3888.02,0.03,3887.16,0.67385208,3886.36,0.1,3886.35,0.04,3886.34,0.517,3886.34,0.67385295,3886.31,0.58632253,3886.3,0.01,3885.91,0.03,3884.48,0.25,3884.47,0.03,3884.46,0.03,3884.25,0.7805914,3884.15,0.25,3888.18,0.25,3888.18,0.14,3888.19,0.20011747,3888.21,0.00219505,3888.32,0.03,3889.58,0.01217479,3890.0,0.14485291,3891.07,0.25,3891.08,0.13044387,3891.09,0.13044387,3891.68,0.25,3891.73,0.02105333,3891.78,0.02324797,3891.99,0.04,3892.0,0.0121567
2017-09-08T09:56:51.739,3888.21,0.0,0.0,3888.17,0.16425,3888.02,0.03,3887.16,0.67385208,3886.38,0.517,3886.37,0.67392228,3886.32,0.04,3886.31,0.58632253,3886.3,0.01,3885.91,0.03,3884.48,0.25,3884.47,0.03,3884.46,0.03,3884.35,0.7805713,3884.15,0.25,3884.14,0.03,3888.18,0.25,3888.18,0.14,3888.18,0.23204081,3888.19,0.20011747,3888.21,0.00219505,3888.32,0.03,3889.57,0.25,3889.58,0.01217479,3890.0,0.14485291,3891.06,0.25,3891.07,0.13044387,3891.08,0.13044387,3891.67,0.25,3891.68,0.04,3891.78,0.02324797
2017-09-08T09:56:54.534,3888.21,0.0,0.0,3888.17,0.16425,3888.02,0.03,3887.16,0.67385208,3886.4,0.1,3886.39,0.517,3886.37,0.67376542,3886.32,0.04,3886.31,0.58632253,3886.3,0.01,3885.91,0.03,3884.48,0.25,3884.47,0.03,3884.46,0.03,3884.15,0.25,3884.14,0.03,3888.18,0.25,3888.18,0.14,3888.18,0.23204081,3888.19,0.20011747,3888.21,0.00219505,3888.32,0.03,3889.57,0.25,3889.58,0.01217479,3890.0,0.14485291,3891.06,0.25,3891.06,0.13044387,3891.07,0.13044387,3891.67,0.25,3891.68,0.04,3891.78,0.02324797
2017-09-08T09:56:57.329,3888.21,0.0,0.0,3888.17,0.16425,3888.02,0.03,3887.16,0.67385208,3886.41,0.1,3886.4,0.517,3886.37,0.67376542,3886.32,0.04,3886.31,0.58632253,3886.3,0.01,3885.91,0.03,3884.48,0.25,3884.47,0.03,3884.46,0.03,3884.35,0.7805713,3884.15,0.25,3888.18,0.25,3888.18,0.14,3888.19,0.20011747,3888.21,0.00219505,3888.32,0.03,3889.99,0.25,3890.0,0.14485291,3891.05,0.25,3891.06,0.13044387,3891.07,0.13044387,3891.67,0.25,3891.68,0.04,3891.78,0.02324797,3891.83,0.02105333,3892.0,0.14195355
2017-09-08T09:57:00.069,3888.18,1.01,0.0,3887.58,0.03,3887.57,0.24,3887.16,0.67385208,3887.06,0.03,3886.43,0.517,3886.42,0.25,3886.37,0.67376542,3886.32,0.04,3886.31,0.58632253,3886.3,0.01,3884.7,0.78050097,3884.48,0.25,3884.47,0.03,3884.46,0.03,3884.15,0.25,3889.48,0.04505791,3890.0,0.00716543,3891.02,0.13703957,3891.03,0.25,3891.06,0.13044387,3891.07,0.13044387,3891.67,0.25,3891.68,0.04,3893.33,0.25,3893.34,0.03,3894.16,0.25,3894.76,0.01094122,3895.0,0.05,3895.0,0.01282181,3895.0,0.16
2017-09-08T09:57:03.173,3888.18,0.0,0.0,3888.76,0.16425,3887.19,0.03,3887.16,0.67385208,3887.06,0.03,3886.46,0.517,3886.45,0.25,3886.45,0.15,3886.45,0.1,3886.41,0.67376542,3886.37,0.04,3886.31,0.58632253,3886.3,0.01,3885.1,0.25,3885.09,0.78042262,3884.47,0.03,3889.48,0.04505791,3890.0,0.00716543,3890.98,0.25,3891.04,0.1,3891.05,0.13044387,3891.06,0.13044387,3891.15,0.02591527,3891.65,0.25,3891.66,0.04,3892.57,0.02105333,3892.82,0.25,3892.83,1.30484221,3892.83,0.013356,3892.83,0.14286674,3892.83,0.13361029
2017-09-08T09:57:06.161,3888.18,0.0,0.0,3887.2,0.03,3887.19,0.24,3886.48,0.03,3886.37,0.04,3886.31,0.58632253,3886.3,0.01,3885.3,0.25,3885.3,0.25,3884.49,0.78054317,3884.47,0.03,3884.46,0.03,3884.14,0.03,3884.01,0.25,3884.0,0.25,3883.92,0.02,3889.47,0.1343909,3889.48,0.04505791,3889.7,0.71209209,3890.0,0.00716543,3890.81,0.25,3891.05,0.13044387,3891.06,0.13044387,3891.13,0.04560094,3891.65,0.25,3891.66,0.04,3891.78,0.02441642,3892.76,0.25,3892.77,0.03,3892.83,1.30484221,3892.83,0.013356
2017-09-08T09:57:08.896,3888.18,0.0,0.0,3888.0,0.16425,3888.0,0.03,3886.51,0.517,3886.37,0.04,3886.31,0.58632253,3886.3,0.01,3884.5,0.033412,3884.48,0.25,3884.47,0.03,3884.46,0.03,3884.15,0.78061149,3884.14,0.03,3884.0,0.25,3883.92,0.02,3883.45,0.03,3889.47,0.1,3889.48,0.04505791,3889.7,0.71209209,3890.0,0.00716543,3890.23,0.01,3891.04,0.25,3891.05,0.13044387,3891.06,0.13044387,3891.13,0.04560094,3891.65,0.02105333,3891.66,0.04,3891.78,0.02441642,3892.75,0.03,3892.83,1.30484221,3892.83,0.013356
2017-09-08T09:57:11.604,3888.18,0.0,0.0,3888.8,0.16425,3888.8,0.03,3887.97,0.70968723,3887.07,0.70968723,3887.05,0.03,3886.37,0.04,3886.31,0.58632253,3886.3,0.01,3884.9,0.25,3884.9,0.25,3884.5,0.033412,3884.47,0.03,3884.46,0.03,3884.14,0.03,3884.0,0.25,3889.47,0.32819264,3889.48,0.04505791,3889.7,0.71209209,3889.99,0.25,3890.0,0.00716543,3891.05,0.13044387,3891.06,0.13044387,3891.12,0.25,3891.13,0.04560094,3891.16,0.05925428,3891.66,0.04,3891.78,0.02441642,3892.73,0.03,3892.83,1.30484221,3892.83,0.013356
2017-09-08T09:57:14.523,3888.18,0.0,0.0,3887.98,0.03,3887.97,0.70968723,3887.97,0.16425,3887.23,0.70964891,3887.07,0.517,3887.05,0.03,3886.37,0.04,3886.31,0.58632253,3886.3,0.01,3885.49,0.78034228,3884.92,0.25,3884.5,0.033412,3884.47,0.03,3884.46,0.03,3884.14,0.03,3889.44,0.11296672,3889.45,0.16409632,3889.48,0.04505791,3889.7,0.71209209,3889.99,0.25,3890.0,0.00716543,3891.04,0.13044387,3891.05,0.13044387,3891.13,0.04560094,3891.15,0.25,3891.16,0.05925428,3891.16,0.01629974,3891.66,0.04,3891.78,0.02441642,3892.38,0.25
2017-09-08T09:57:17.334,3889.44,0.01,0.0,3888.78,0.16425,3887.97,0.70968723,3887.25,0.24,3887.25,0.517,3887.23,0.70964891,3887.05,0.03,3886.31,0.58632253,3886.3,0.01,3884.87,0.25,3884.87,0.25,3884.87,0.25,3884.86,0.78046883,3884.5,0.033412,3884.47,0.03,3884.46,0.03,3889.44,0.14729569,3889.45,0.16409632,3889.48,0.04505791,3889.7,0.71209209,3889.99,0.25,3890.0,0.00716543,3891.04,0.13044387,3891.05,0.13044387,3891.12,0.25,3891.13,0.04560094,3891.16,0.05925428,3891.16,0.01629974,3891.24,0.03656873,3891.78,0.02441642,3892.38,0.25
2017-09-08T09:57:20.183,3889.44,0.0,0.0,3887.98,0.03,3887.97,0.70968723,3887.27,0.24,3887.27,0.04,3887.26,0.517,3887.08,0.70968906,3887.05,0.03,3886.31,0.58632253,3886.3,0.01,3885.27,0.25,3885.26,0.78038848,3884.51,0.25,3884.5,0.033412,3884.47,0.03,3884.46,0.03,3889.45,0.16409632,3889.48,0.04505791,3889.69,0.19,3889.7,0.71209209,3889.99,0.25,3890.0,0.00716543,3890.21,0.01,3891.03,0.13044387,3891.03,0.04,3891.04,0.13044387,3891.12,0.25,3891.13,0.04560094,3891.16,0.05925428,3891.16,0.01629974,3891.24,0.03656873
2017-09-08T09:57:23.390,3889.44,0.0,0.0,3889.44,0.16425,3889.29,0.03,3887.97,0.70968723,3887.29,0.24,3887.28,0.517,3887.27,0.04,3887.26,0.70965347,3887.05,0.03,3886.31,0.58632253,3886.3,0.01,3885.47,0.25,3885.47,0.25,3885.46,0.78034831,3884.51,0.25,3884.5,0.033412,3889.45,0.16409632,3889.48,0.04505791,3889.7,0.71209209,3889.99,0.25,3890.0,0.00716543,3890.94,0.01,3891.02,0.13044387,3891.03,0.13044387,3891.03,0.04,3891.12,0.25,3891.13,0.04560094,3891.16,0.05925428,3891.16,0.01629974,3891.24,0.03656873,3891.62,0.02541647
2017-09-08T09:57:26.323,3889.45,0.01,0.0,3889.44,0.16425,3889.29,0.03,3887.97,0.70968723,3887.26,0.517,3887.09,0.04,3887.05,0.03,3886.31,0.58632253,3886.3,0.01,3884.51,0.25,3884.5,0.033412,3884.47,0.03,3884.46,0.03,3884.14,0.03,3884.0,0.25,3883.92,0.02,3889.45,0.15409632,3889.48,0.04505791,3889.53,0.31321443,3889.7,0.71209209,3889.99,0.25,3890.0,0.00716543,3890.94,0.01,3891.01,0.25,3891.02,0.13044387,3891.03,0.13044387,3891.03,0.04,3891.13,0.04560094,3891.16,0.05925428,3891.16,0.01629974,3891.24,0.03656873
2017-09-08T09:57:29.149,3889.45,0.0,0.0,3889.44,0.16425,3889.29,0.03,3887.97,0.70968723,3887.11,0.24,3887.1,0.517,3887.09,0.04,3887.05,0.03,3886.31,0.58632253,3886.3,0.01,3885.61,0.25,3885.61,0.25,3885.6,0.78032019,3884.48,0.25,3884.47,0.03,3884.46,0.03,3889.45,0.15409632,3889.48,0.04505791,3889.53,0.31321443,3889.7,0.71209209,3889.99,0.25,3890.0,0.00716543,3890.29,0.12904699,3890.93,0.13044387,3890.94,0.01,3891.02,0.13044387,3891.03,0.04,3891.12,0.25,3891.13,0.04560094,3891.16,0.05925428,3891.16,0.01629974
2017-09-08T09:57:32.264,3889.45,0.0,0.0,3889.44,0.16425,3889.29,0.03,3887.97,0.70968723,3887.12,0.517,3887.09,0.04,3887.05,0.03,3886.31,0.58632253,3886.3,0.01,3885.61,0.25,3885.61,0.25,3884.48,0.25,3884.47,0.03,3884.46,0.03,3884.14,0.03,3884.0,0.25,3889.45,0.23204081,3889.45,0.1,3889.47,0.32459264,3889.48,0.04505791,3889.53,0.31321443,3889.7,0.71209209,3889.99,0.25,3890.0,0.00716543,3890.29,0.12904699,3890.92,0.13044387,3890.93,0.13044387,3890.94,0.01,3890.97,0.03044147,3891.03,0.04,3891.12,0.25
2017-09-08T09:57:35.317,3889.46,0.25,0.0,3889.46,0.16425,3889.31,0.03,3887.97,0.70968723,3887.26,0.03,3887.14,0.11,3887.14,0.24,3887.09,0.04,3886.31,0.58632253,3886.3,0.01,3885.62,0.25,3885.61,0.78031818,3884.48,0.25,3884.47,0.03,3884.46,0.03,3884.14,0.03,3889.47,0.17459264,3889.47,0.23204081,3889.48,0.04505791,3889.53,0.31321443,3889.7,0.71209209,3890.0,0.00716543,3890.28,0.25,3890.29,0.12904699,3890.92,0.13044387,3890.93,0.13044387,3890.97,0.03044147,3891.03,0.04,3891.13,0.04560094,3891.16,0.05925428,3891.16,0.01629974
2017-09-08T09:57:38.804,3889.46,0.0,0.0,3889.46,0.16425,3889.31,0.03,3887.97,0.70968723,3887.97,0.517,3887.27,0.24,3887.26,0.03,3887.14,0.11,3887.09,0.04,3886.31,0.58632253,3886.3,0.01,3885.62,0.78031617,3884.48,0.25,3884.48,0.25,3884.48,0.25,3884.47,0.03,3889.47,0.23204081,3889.47,0.32459264,3889.5,0.31126828,3889.53,0.31321443,3889.7,0.71209209,3889.83,0.0441715,3890.0,0.00716543,3890.28,0.25,3890.29,0.12904699,3890.91,0.13044387,3890.92,0.13044387,3890.97,0.03044147,3891.03,0.04,3891.13,0.04560094,3891.16,0.05925428
2017-09-08T09:57:41.849,3889.46,0.0,0.0468932,3889.46,0.1173568,3889.45,0.01,3889.32,0.73835132,3889.31,0.03,3887.3,0.24,3887.29,0.03,3887.29,0.517,3887.28,0.73835132,3887.27,0.04,3886.31,0.58632253,3886.3,0.01,3885.63,0.25,3884.48,0.25,3884.47,0.03,3884.46,0.03,3889.47,0.23204081,3889.47,0.27059264,3889.5,0.31126828,3889.53,0.31321443,3889.7,0.71209209,3889.83,0.0441715,3890.0,0.00716543,3890.28,0.25,3890.29,0.12904699,3890.91,0.13044387,3890.97,0.03044147,3891.01,0.04,3891.13,0.04560094,3891.16,0.05925428,3891.16,0.01629974
2017-09-08T09:57:44.832,3889.47,0.01,0.0,3889.46,0.1173568,3889.45,0.01,3889.31,0.03,3887.31,0.24,3887.31,0.517,3887.29,0.03,3887.28,0.73835132,3887.27,0.04,3886.31,0.58632253,3886.3,0.01,3885.63,0.78031417,3885.63,0.033402,3884.48,0.25,3884.47,0.03,3884.46,0.03,3889.47,0.22204081,3889.5,0.31126828,3889.53,0.31321443,3889.7,0.71209209,3889.83,0.0441715,3890.0,0.00716543,3890.28,0.25,3890.29,0.12904699,3890.91,0.13044387,3890.97,0.03044147,3891.01,0.04,3891.13,0.04560094,3891.16,0.05925428,3891.16,0.01629974,3891.23,0.25
2017-09-08T09:57:47.629,3889.47,0.0,0.0,3889.46,0.1173568,3889.45,0.01,3889.32,0.03,3887.3,0.11,3887.29,0.03,3887.29,0.517,3887.28,0.73835132,3887.27,0.04,3886.32,0.24,3886.31,0.58632253,3886.3,0.01,3885.64,0.25,3885.64,0.25,3885.63,0.033402,3884.48,0.25,3889.49,0.27059264,3889.5,0.31126828,3889.53,0.31321443,3889.53,0.0535405,3889.7,0.71209209,3889.83,0.0441715,3889.99,0.25,3890.0,0.00716543,3890.29,0.12904699,3890.91,0.13044387,3890.97,0.03044147,3890.97,0.01,3891.0,0.25,3891.01,0.04,3891.13,0.04560094
2017-09-08T09:57:50.969,3889.47,0.0,0.0,3889.45,0.01,3887.32,0.10667679,3887.31,0.03,3887.3,0.517,3887.3,0.11736,3887.29,0.03,3887.29,0.033388,3887.28,0.73835132,3886.32,0.24,3886.31,0.58632253,3886.3,0.01,3885.65,0.25,3885.65,0.25,3885.64,0.78031216,3884.48,0.25,3889.49,0.27059264,3889.49,0.22204081,3889.5,0.31126828,3889.53,0.31321443,3889.53,0.0535405,3889.7,0.71209209,3889.83,0.0441715,3889.99,0.25,3890.0,0.00716543,3890.29,0.12904699,3890.91,0.13044387,3890.97,0.03044147,3890.98,0.01,3891.12,0.25,3891.13,0.04560094
2017-09-08T09:57:54.185,3889.47,0.0,0.0,3889.48,0.11736,3889.45,0.01,3889.33,0.03,3887.32,0.10667679,3887.32,0.517,3887.29,0.03,3887.29,0.033388,3887.28,0.73835132,3886.33,0.24,3886.32,0.04,3886.31,0.58632253,3886.3,0.01,3885.64,0.25,3885.64,0.25,3885.63,0.78031417,3889.49,0.22204081,3889.49,0.27059264,3889.5,0.31126828,3889.53,0.31321443,3889.53,0.0535405,3889.69,0.04,3889.7,0.71209209,3889.83,0.0441715,3890.0,0.00716543,3890.29,0.12904699,3890.91,0.13044387,3890.97,0.03044147,3890.98,0.01,3891.13,0.04560094,3891.16,0.05925428
2017-09-08T09:57:57.080,3889.47,0.0,0.0,3889.48,0.11736,3889.45,0.01,3889.33,0.03,3887.32,0.517,3887.29,0.03,3887.29,0.033388,3887.29,0.04,3887.28,0.73835132,3886.32,0.24,3886.31,0.58632253,3886.3,0.01,3885.65,0.25,3885.65,0.25,3885.64,0.78031216,3884.48,0.25,3889.49,0.22204081,3889.49,0.27059264,3889.5,0.31126828,3889.53,0.31321443,3889.53,0.0535405,3889.69,0.04,3889.7,0.71209209,3889.83,0.0441715,3889.99,0.25,3890.0,0.00716543,3890.29,0.12904699,3890.91,0.13044387,3890.97,0.03044147,3890.98,0.01,3891.12,0.25
2017-09-08T09:58:00.306,3889.47,0.0,0.0,3889.48,0.11736,3889.45,0.01,3889.33,0.03,3887.31,0.24,3887.3,0.517,3887.29,0.03,3887.29,0.033388,3887.29,0.04,3887.28,0.73835132,3886.31,0.58632253,3886.3,0.01,3885.65,0.25,3885.64,0.78031216,3884.48,0.25,3884.47,0.03,3889.49,0.22204081,3889.49,0.27059264,3889.5,0.31126828,3889.53,0.31321443,3889.53,0.0535405,3889.69,0.04,3889.7,0.71209209,3889.83,0.0441715,3889.99,0.25,3890.0,0.00716543,3890.29,0.12904699,3890.91,0.13044387,3890.97,0.03044147,3890.98,0.01,3891.13,0.04560094
2017-09-08T09:58:03.565,3889.47,0.0,0.0,3889.48,0.11736,3889.45,0.01,3889.33,0.03,3887.31,0.24,3887.3,0.517,3887.29,0.03,3887.29,0.033388,3887.29,0.04,3887.28,0.73835132,3886.31,0.58632253,3886.3,0.01,3885.65,0.25,3885.65,0.25,3885.64,0.78031216,3884.48,0.25,3889.49,0.22204081,3889.49,0.27059264,3889.5,0.31126828,3889.53,0.31321443,3889.53,0.0535405,3889.69,0.04,3889.7,0.71209209,3889.83,0.0441715,3890.0,0.00716543,3890.28,0.25,3890.29,0.12904699,3890.91,0.13044387,3890.97,0.03044147,3890.98,0.01,3891.13,0.04560094
2017-09-08T09:58:06.512,3889.47,0.0,0.0,3889.48,0.11736,3889.45,0.01,3889.33,0.03,3887.32,0.517,3887.29,0.03,3887.29,0.033388,3887.28,0.73835132,3886.34,0.04,3886.31,0.58632253,3886.3,0.01,3885.65,0.25,3885.65,0.25,3885.64,0.78031216,3884.48,0.25,3884.47,0.03,3889.49,0.22204081,3889.49,0.27059264,3889.5,0.31126828,3889.53,0.31321443,3889.53,0.0535405,3889.69,0.04,3889.7,0.71209209,3889.83,0.0441715,3890.0,0.00716543,3890.28,0.25,3890.29,0.12904699,3890.91,0.13044387,3890.97,0.03044147,3890.98,0.01,3891.13,0.04560094
2017-09-08T09:58:09.465,3889.47,0.0,0.0,3889.48,0.11736,3889.45,0.01,3889.33,0.03,3887.29,0.03,3887.29,0.033388,3887.28,0.73835132,3886.34,0.04,3886.31,0.58632253,3886.31,0.25,3886.31,0.25,3886.3,0.01,3885.65,0.78031015,3884.48,0.25,3884.47,0.03,3884.46,0.03,3889.49,0.22204081,3889.5,0.31126828,3889.53,0.31321443,3889.69,0.04,3889.7,0.71209209,3889.83,0.0441715,3890.0,0.00716543,3890.28,0.25,3890.29,0.12904699,3890.91,0.13044387,3890.97,0.03044147,3890.98,0.01,3891.13,0.04560094,3891.16,0.05925428,3891.16,0.01629974
2017-09-08T09:58:12.486,3889.47,0.0,0.0,3889.48,0.11736,3889.45,0.01,3889.33,0.03,3887.31,0.24,3887.3,0.517,3887.29,0.03,3887.29,0.033388,3887.28,0.73835132,3886.34,0.04,3886.31,0.58632253,3886.31,0.25,3886.31,0.25,3886.3,0.01,3885.65,0.78031015,3884.48,0.25,3889.49,0.22204081,3889.49,0.27059264,3889.5,0.31126828,3889.53,0.31321443,3889.69,0.04,3889.7,0.71209209,3889.83,0.0441715,3890.0,0.00716543,3890.28,0.25,3890.29,0.12904699,3890.91,0.13044387,3890.97,0.03044147,3891.13,0.04560094,3891.16,0.05925428,3891.16,0.01629974
2017-09-08T09:58:15.708,3889.49,0.11,0.04845238,3889.48,0.06890762,3889.48,0.16146551,3889.45,0.01,3889.33,0.03,3887.39,0.03,3887.38,0.11,3887.35,0.517,3887.28,0.73835132,3886.34,0.04,3886.32,0.033397,3886.32,0.25,3886.31,0.58632253,3884.48,0.25,3884.47,0.03,3884.46,0.03,3889.49,0.11204081,3889.49,0.27059264,3889.5,0.31126828,3889.53,0.31321443,3889.69,0.04,3889.7,0.71209209,3889.83,0.0441715,3890.0,0.00716543,3890.28,0.25,3890.29,0.12904699,3890.91,0.13044387,3890.97,0.03044147,3891.13,0.04560094,3891.16,0.05925428,3891.16,0.01629974
2017-09-08T09:58:19.040,3889.49,0.01,0.0,3889.48,0.06890762,3889.48,0.16146551,3889.45,0.01,3889.33,0.03,3887.41,0.517,3887.4,0.24,3887.39,0.03,3887.38,0.11,3887.28,0.73835132,3886.34,0.04,3886.33,0.25,3886.33,0.25,3886.32,0.033397,3886.31,0.58632253,3885.66,0.78030814,3889.49,0.10204081,3889.49,0.27059264,3889.5,0.31126828,3889.53,0.31321443,3889.69,0.04,3889.7,0.71209209,3889.83,0.0441715,3890.0,0.00716543,3890.28,0.25,3890.29,0.12904699,3890.91,0.13044387,3890.97,0.03044147,3891.13,0.04560094,3891.16,0.05925428,3891.16,0.01629974
2017-09-08T09:58:22.378,3889.49,0.24,0.0,3889.48,0.16146551,3889.45,0.01,3889.33,0.03,3888.41,0.03,3888.41,0.517,3887.42,0.24,3887.42,0.06891,3887.41,0.11,3887.28,0.73835132,3886.34,0.04,3886.33,0.25,3886.33,0.25,3886.32,0.033397,3886.31,0.58632253,3885.66,0.78030814,3889.49,0.27059264,3889.5,0.31126828,3889.69,0.04,3889.7,0.71209209,3889.83,0.0441715,3890.0,0.00716543,3890.28,0.25,3890.29,0.12904699,3890.91,0.13044387,3890.97,0.03044147,3891.13,0.04560094,3891.16,0.05925428,3891.16,0.01629974,3891.24,0.03656873,3891.61,0.25
2017-09-08T09:58:25.691,3889.49,0.0,0.0,3889.48,0.16146551,3889.48,0.06891,3889.45,0.01,3889.33,0.03,3888.41,0.03,3888.41,0.517,3887.42,0.24,3887.41,0.11,3886.32,0.033397,3886.31,0.58632253,3885.67,0.25,3885.67,0.25,3885.66,0.78030814,3884.48,0.25,3884.47,0.03,3889.49,0.27059264,3889.5,0.31126828,3889.7,0.71209209,3889.83,0.0441715,3890.0,0.00716543,3890.28,0.25,3890.29,0.12904699,3890.91,0.13044387,3890.97,0.03044147,3891.13,0.04560094,3891.16,0.05925428,3891.23,0.25,3891.24,0.03656873,3891.62,0.02541647,3892.0,0.14282583
2017-09-08T09:58:29.049,3889.49,0.0,0.0,3889.49,0.06891,3889.48,0.16146551,3889.48,0.01,3889.46,0.76318021,3889.45,0.01,3889.34,0.03,3888.41,0.03,3888.41,0.517,3887.45,0.24,3887.44,0.04,3887.42,0.76318021,3886.32,0.033397,3886.31,0.58632253,3885.69,0.25,3885.69,0.25,3889.5,0.31126828,3889.7,0.71209209,3889.83,0.0441715,3890.0,0.00716543,3890.28,0.25,3890.29,0.12904699,3890.91,0.13044387,3890.96,0.04,3890.97,0.03044147,3890.99,0.01,3891.13,0.04560094,3891.16,0.05925428,3891.24,0.03656873,3891.61,0.25,3891.62,0.02541647
2017-09-08T09:58:32.126,3889.49,0.0,0.0,3889.49,0.06891,3889.48,0.16146551,3889.48,0.01,3889.46,0.76318021,3889.45,0.01,3889.34,0.03,3888.41,0.03,3888.41,0.517,3887.45,0.24,3887.44,0.04,3887.42,0.76318021,3886.32,0.033397,3886.32,0.25,3886.32,0.25,3886.31,0.58632253,3889.5,0.31126828,3889.7,0.71209209,3889.83,0.0441715,3890.0,0.00716543,3890.28,0.25,3890.29,0.12904699,3890.91,0.13044387,3890.96,0.04,3890.97,0.03044147,3890.99,0.01,3891.13,0.04560094,3891.16,0.05925428,3891.24,0.03656873,3891.61,0.25,3891.62,0.02541647
