-0.3016226291656494,-0.5537917613983154,-0.3205815255641937,-0.19642135500907898,-0.33463865518569946,-0.8225172758102417,-0.35032057762145996,-0.35771888494491577,-0.34291523694992065,-0.4560098946094513,-0.38769906759262085,-0.5884013772010803,-0.398483008146286,-0.29319146275520325,-0.4078139662742615,-0.043018072843551636,-0.4075566530227661,-0.2191530168056488,-0.4035835266113281,-0.7153129577636719,-0.42224422097206116,-0.4647321105003357,-0.43652546405792236,-0.6204991936683655,-0.4128149747848511,-0.7759637236595154,-0.43396854400634766,-0.24487584829330444,-0.4413743317127228,-0.5180478096008301,-0.3243674635887146,-0.5065330266952515,-0.2806955873966217,-0.5395800471305847,-0.30036604404449463,-0.5592166781425476,-0.30240464210510254,-0.5135043859481812,-0.31763505935668945,-0.5531330108642578,-0.3271576464176178,-0.5209289193153381,-0.3477201461791992,-0.6143857836723328,-0.3249208927154541,-0.5388984084129333,-0.33415812253952026,-0.584489643573761,-0.3423187732696533,-0.4532175660133362,-0.3480118215084076,-0.5332717299461365,-0.3753899335861206,-0.5391367673873901,-0.36567360162734985,-0.5480712056159973,-0.39520761370658875,-0.5310837030410767,-0.36878806352615356,-0.658993661403656
-0.41466543078422546,-0.4985993504524231,-0.427615225315094,-0.07729914784431458,-0.4477287530899048,-0.8878191113471985,-0.46933597326278687,-0.5104280114173889,-0.4646092653274536,-0.37731149792671204,-0.4887678027153015,-0.6554481387138367,-0.5042036771774292,-0.37961381673812866,-0.5072436332702637,-0.08019822835922241,-0.5051277875900269,-0.44129887223243713,-0.4985812306404114,-0.7439210414886475,-0.5077039003372192,-0.29792219400405884,-0.5216370820999146,-0.5145443081855774,-0.5021572113037109,-0.7697588205337524,-0.5211786031723022,-0.3188175559043884,-0.5192886590957642,-0.6238178610801697,-0.40701884031295776,-0.6073451042175293,-0.36240431666374207,-0.6164906024932861,-0.38595813512802124,-0.6393575072288513,-0.39124181866645813,-0.580233097076416,-0.4061030149459839,-0.6098888516426086,-0.415772020816803,-0.5836703777313232,-0.43058937788009644,-0.6361329555511475,-0.41750651597976685,-0.567711591720581,-0.42168891429901123,-0.6330029964447021,-0.427287757396698,-0.5213485360145569,-0.43168723583221436,-0.47838470339775085,-0.45945149660110474,-0.5462501645088196,-0.450423002243042,-0.5856704115867615,-0.475050151348114,-0.6006261110305786,-0.45354777574539185,-0.7064892053604126
-0.4229917526245117,-0.4283994138240814,-0.44089388847351074,-0.11526581645011902,-0.4591835141181946,-0.9834839105606079,-0.4867035746574402,-0.4632883667945862,-0.4775710701942444,-0.39170610904693604,-0.5059871077537537,-0.7202920317649841,-0.5190653204917908,-0.4416314363479614,-0.5220164656639099,-0.1582016944885254,-0.5204538106918335,-0.40835443139076233,-0.5128560066223145,-0.8327258825302124,-0.5180522799491882,-0.23830270767211914,-0.5337095856666565,-0.5733458995819092,-0.5151420831680298,-0.8403959274291992,-0.533109188079834,-0.31113505363464355,-0.531876802444458,-0.6908718347549438,-0.4215007424354553,-0.629730224609375,-0.3793482780456543,-0.633563220500946,-0.40112704038619995,-0.6352391839027405,-0.4088977575302124,-0.602730393409729,-0.42108118534088135,-0.6431178450584412,-0.43075674772262573,-0.6138638257980347,-0.44733065366744995,-0.6662036776542664,-0.4334801137447357,-0.5929021835327148,-0.4346630573272705,-0.6678622961044312,-0.4408940076828003,-0.55132657289505,-0.44717922806739807,-0.5142208933830261,-0.4764600396156311,-0.5747972726821899,-0.46842771768569946,-0.6039106845855713,-0.4921916127204895,-0.6065948009490967,-0.4737243056297302,-0.7207098007202148
-0.41896525025367737,-0.45274466276168823,-0.43581515550613403,-0.11438551545143127,-0.45471304655075073,-0.9673502445220947,-0.4822373390197754,-0.4266238510608673,-0.47431933879852295,-0.368816614151001,-0.5019582509994507,-0.6899244785308838,-0.5151750445365906,-0.43642908334732056,-0.5188011527061462,-0.15929004549980164,-0.5182990431785583,-0.40775519609451294,-0.5106658935546875,-0.810355544090271,-0.5156059861183167,-0.24946248531341553,-0.5319676995277405,-0.5673636198043823,-0.5138709545135498,-0.8029335141181946,-0.5314735174179077,-0.2862139344215393,-0.5299665927886963,-0.6696065664291382,-0.41453802585601807,-0.6233881711959839,-0.3723498582839966,-0.6281338334083557,-0.3945270776748657,-0.6483743190765381,-0.4016556441783905,-0.5937649607658386,-0.41398584842681885,-0.6301031708717346,-0.42425334453582764,-0.6057770252227783,-0.44092342257499695,-0.6492089629173279,-0.4277549982070923,-0.5794427394866943,-0.42969590425491333,-0.6508509516716003,-0.4364117980003357,-0.5368813276290894,-0.4427507519721985,-0.48604610562324524,-0.47238457202911377,-0.5575776100158691,-0.46468213200569153,-0.5959018468856812,-0.4884539842605591,-0.6054153442382812,-0.47060421109199524,-0.712425947189331
-0.41863539814949036,-0.4507380723953247,-0.43588441610336304,-0.11034449934959412,-0.45508795976638794,-0.9675394296646118,-0.48296409845352173,-0.42211413383483887,-0.474974125623703,-0.36052531003952026,-0.5028326511383057,-0.6729850769042969,-0.515877902507782,-0.43233606219291687,-0.5198971629142761,-0.1626388430595398,-0.5193941593170166,-0.38799476623535156,-0.51186203956604,-0.8008133769035339,-0.517005980014801,-0.25259608030319214,-0.5338078141212463,-0.582233190536499,-0.5154932141304016,-0.8066858053207397,-0.5334643721580505,-0.2909189760684967,-0.5320108532905579,-0.6683118939399719,-0.4123671054840088,-0.6204180121421814,-0.3700438141822815,-0.6322798728942871,-0.39263319969177246,-0.6488164067268372,-0.3997034728527069,-0.589767575263977,-0.4122051000595093,-0.6289394497871399,-0.42252814769744873,-0.6029145121574402,-0.4394787549972534,-0.6451364159584045,-0.4261168837547302,-0.5772654414176941,-0.4278590977191925,-0.6491349339485168,-0.434675395488739,-0.5346099138259888,-0.44089022278785706,-0.4861462414264679,-0.47050392627716064,-0.5521082878112793,-0.46303531527519226,-0.5880226492881775,-0.48697900772094727,-0.5986664891242981,-0.46915680170059204,-0.7085312008857727
-0.41300472617149353,-0.4561958611011505,-0.4296359419822693,-0.10758090019226074,-0.4487113952636719,-0.9575306177139282,-0.47625595331192017,-0.4040747582912445,-0.4682992100715637,-0.36021727323532104,-0.49598681926727295,-0.6644547581672668,-0.5086602568626404,-0.43639594316482544,-0.5129809379577637,-0.15401741862297058,-0.5122870206832886,-0.38019850850105286,-0.5046485662460327,-0.7891919016838074,-0.5092901587486267,-0.2523544132709503,-0.5266067385673523,-0.5781643390655518,-0.5081760883331299,-0.795049786567688,-0.5262431502342224,-0.2769986093044281,-0.5245901346206665,-0.6594516038894653,-0.4065568447113037,-0.612699568271637,-0.36418890953063965,-0.6255620718002319,-0.38713863492012024,-0.6467575430870056,-0.39369288086891174,-0.581417977809906,-0.40605244040489197,-0.6204714775085449,-0.41652876138687134,-0.5957403779029846,-0.4337671399116516,-0.6364997625350952,-0.42033690214157104,-0.5698673725128174,-0.4224890470504761,-0.6417605876922607,-0.42965006828308105,-0.5274677872657776,-0.4358411431312561,-0.4788203835487366,-0.46553289890289307,-0.5444276928901672,-0.4581223130226135,-0.5813565254211426,-0.48217856884002686,-0.593054473400116,-0.4648113548755646,-0.700816810131073
-0.40676215291023254,-0.4594894051551819,-0.4230824112892151,-0.1138862669467926,-0.44197607040405273,-0.9483805894851685,-0.46981507539749146,-0.3855662941932678,-0.4615512192249298,-0.345654159784317,-0.4890391230583191,-0.6457292437553406,-0.5012893080711365,-0.42931094765663147,-0.5063117146492004,-0.14883267879486084,-0.5054728388786316,-0.37211185693740845,-0.4979340732097626,-0.7766808271408081,-0.5024957656860352,-0.24632403254508972,-0.5205841660499573,-0.579781711101532,-0.5019055604934692,-0.7840743660926819,-0.5203609466552734,-0.2642395496368408,-0.5184540748596191,-0.6477000117301941,-0.39847898483276367,-0.602146565914154,-0.3560621440410614,-0.6184905171394348,-0.3795350193977356,-0.6423379182815552,-0.38536906242370605,-0.5699173212051392,-0.3977978229522705,-0.6110029220581055,-0.40841272473335266,-0.5859478712081909,-0.426114946603775,-0.624637246131897,-0.4123743772506714,-0.5606085062026978,-0.41488468647003174,-0.6316654086112976,-0.42264246940612793,-0.5167941451072693,-0.42869365215301514,-0.46962496638298035,-0.4583653211593628,-0.5323983430862427,-0.45113927125930786,-0.569257915019989,-0.47574397921562195,-0.5811956524848938,-0.4585852026939392,-0.6905474662780762
-0.4020580053329468,-0.46475040912628174,-0.417976051568985,-0.11495527625083923,-0.43673983216285706,-0.9409052133560181,-0.46455511450767517,-0.36770445108413696,-0.4561508595943451,-0.33732688426971436,-0.4834975600242615,-0.6303508877754211,-0.49529576301574707,-0.4231192171573639,-0.5009453296661377,-0.14515313506126404,-0.49992817640304565,-0.3596404194831848,-0.4924718141555786,-0.7621005773544312,-0.49688953161239624,-0.24361151456832886,-0.5155715942382812,-0.5784355401992798,-0.49662908911705017,-0.7714040875434875,-0.5154713988304138,-0.25395068526268005,-0.5134106874465942,-0.6354203820228577,-0.392452597618103,-0.5924654006958008,-0.3499878942966461,-0.611716628074646,-0.37394240498542786,-0.6397585868835449,-0.37917646765708923,-0.5589091777801514,-0.3915402889251709,-0.6020082831382751,-0.40222954750061035,-0.5765844583511353,-0.4203346371650696,-0.6141219139099121,-0.4063296616077423,-0.5526874661445618,-0.4091789722442627,-0.6231986284255981,-0.41746413707733154,-0.5080309510231018,-0.4234654903411865,-0.46480539441108704,-0.4531453847885132,-0.5230663418769836,-0.4460468292236328,-0.5603135824203491,-0.47106337547302246,-0.572151243686676,-0.4541868269443512,-0.6818640828132629
-0.3972824811935425,-0.47123298048973083,-0.41290926933288574,-0.12031131982803345,-0.4314689636230469,-0.9336017370223999,-0.45929116010665894,-0.351585328578949,-0.4507416784763336,-0.32978910207748413,-0.4779188632965088,-0.6153014898300171,-0.4892978072166443,-0.416992723941803,-0.4954833388328552,-0.139963299036026,-0.49429017305374146,-0.3510155975818634,-0.48693016171455383,-0.7488008141517639,-0.49121248722076416,-0.24044865369796753,-0.5104233026504517,-0.5777574181556702,-0.4912322163581848,-0.7609682679176331,-0.5104033350944519,-0.2453683316707611,-0.5081949234008789,-0.625146746635437,-0.3863428235054016,-0.5833792686462402,-0.3438294231891632,-0.6062381267547607,-0.3682335913181305,-0.6375262141227722,-0.37288138270378113,-0.5485438704490662,-0.3852139711380005,-0.5940756797790527,-0.39597970247268677,-0.5678936243057251,-0.4144822657108307,-0.6040186285972595,-0.40019452571868896,-0.5455576181411743,-0.4033166766166687,-0.6152364611625671,-0.4120965003967285,-0.49969369173049927,-0.41804301738739014,-0.46098804473876953,-0.4477379322052002,-0.5139617919921875,-0.4407520294189453,-0.5515331625938416,-0.466214120388031,-0.563334584236145,-0.4495527148246765,-0.6739324331283569
-0.3945741653442383,-0.4817391335964203,-0.40997809171676636,-0.12723484635353088,-0.4283221960067749,-0.9286656379699707,-0.45611438155174255,-0.337013304233551,-0.4474804699420929,-0.32441407442092896,-0.4744691252708435,-0.603247880935669,-0.4854893088340759,-0.41285213828086853,-0.4920225739479065,-0.13695916533470154,-0.4907068610191345,-0.3435212969779968,-0.4834265112876892,-0.7377308011054993,-0.4876094460487366,-0.23970013856887817,-0.5071346759796143,-0.5779543519020081,-0.4877317547798157,-0.7517203092575073,-0.5071370601654053,-0.2389296591281891,-0.5048294067382812,-0.6168276071548462,-0.3825704753398895,-0.5766763687133789,-0.3400450348854065,-0.6026158332824707,-0.3647838234901428,-0.637528657913208,-0.368962824344635,-0.5403466820716858,-0.3812481760978699,-0.5884542465209961,-0.3920685350894928,-0.561185896396637,-0.4108520746231079,-0.5962291359901428,-0.39630812406539917,-0.5407459139823914,-0.3996123671531677,-0.6094183325767517,-0.40876734256744385,-0.49370792508125305,-0.41468799114227295,-0.4603016972541809,-0.44443178176879883,-0.50746089220047,-0.437515527009964,-0.5459577441215515,-0.4633568525314331,-0.5573376417160034,-0.4468280076980591,-0.6688763499259949
-0.3922649025917053,-0.4930068850517273,-0.4075496196746826,-0.13426414132118225,-0.42569485306739807,-0.9244649410247803,-0.4534618854522705,-0.3239879310131073,-0.44483721256256104,-0.32006528973579407,-0.47164493799209595,-0.5921621918678284,-0.4823647737503052,-0.40959489345550537,-0.4891858696937561,-0.13449832797050476,-0.4877687990665436,-0.3369939923286438,-0.48058149218559265,-0.7275444269180298,-0.4847172498703003,-0.24046123027801514,-0.5044247508049011,-0.579110860824585,-0.4848460853099823,-0.7443237900733948,-0.5043752789497375,-0.23500162363052368,-0.5019965767860413,-0.6106364727020264,-0.3793710172176361,-0.5712483525276184,-0.33679038286209106,-0.6003260016441345,-0.3617931604385376,-0.638258159160614,-0.36561644077301025,-0.533598005771637,-0.37789207696914673,-0.5839875936508179,-0.3887336850166321,-0.5555616617202759,-0.4077513813972473,-0.5896232724189758,-0.39299213886260986,-0.5368645191192627,-0.39634251594543457,-0.6044896841049194,-0.4058035910129547,-0.4885653555393219,-0.41172918677330017,-0.4601597487926483,-0.44147127866744995,-0.5018367767333984,-0.43467429280281067,-0.5413500666618347,-0.4608118534088135,-0.5524545907974243,-0.4443315267562866,-0.6650737524032593
-0.3914727568626404,-0.5058508515357971,-0.4067060351371765,-0.14240437746047974,-0.4246606230735779,-0.9222733378410339,-0.45236605405807495,-0.31346309185028076,-0.4437772333621979,-0.3182946443557739,-0.470397025346756,-0.5841830968856812,-0.4808835983276367,-0.40826451778411865,-0.4878119230270386,-0.1337052583694458,-0.4863472282886505,-0.33217594027519226,-0.479226678609848,-0.7196348905563354,-0.4833340644836426,-0.24223899841308594,-0.5030825734138489,-0.581373393535614,-0.48337095975875854,-0.7391709089279175,-0.5029510259628296,-0.23219549655914307,-0.5005321502685547,-0.6073484420776367,-0.3778994083404541,-0.5679900646209717,-0.33529725670814514,-0.5998637676239014,-0.3604644536972046,-0.6405647993087769,-0.36404696106910706,-0.5289937257766724,-0.37630003690719604,-0.5816227197647095,-0.3871538043022156,-0.5518946647644043,-0.4063076972961426,-0.5851313471794128,-0.3913639187812805,-0.5349757671356201,-0.394703209400177,-0.6015049815177917,-0.40434667468070984,-0.48554444313049316,-0.41028857231140137,-0.4620581865310669,-0.440068781375885,-0.4983808100223541,-0.4333329200744629,-0.5391188859939575,-0.4597000479698181,-0.5498676896095276,-0.4432171583175659,-0.6634653806686401
-0.39100536704063416,-0.5191048383712769,-0.406230092048645,-0.15086793899536133,-0.4240165948867798,-0.9204234480857849,-0.451678603887558,-0.30382463335990906,-0.4431557059288025,-0.31744372844696045,-0.46959128975868225,-0.5771811604499817,-0.47989553213119507,-0.4080553650856018,-0.48685896396636963,-0.13318270444869995,-0.48537927865982056,-0.3286833167076111,-0.47831273078918457,-0.7130022644996643,-0.4824151396751404,-0.2454383671283722,-0.5021453499794006,-0.584054172039032,-0.482342004776001,-0.7349348068237305,-0.501928985118866,-0.2307823896408081,-0.4994698464870453,-0.6052259206771851,-0.3768898844718933,-0.5657861828804016,-0.33427560329437256,-0.6001591682434082,-0.359539270401001,-0.6430615186691284,-0.3629470467567444,-0.5255216956138611,-0.3751955032348633,-0.5801963210105896,-0.38606178760528564,-0.5492119193077087,-0.40531229972839355,-0.5816313028335571,-0.39020872116088867,-0.5338249802589417,-0.3935040235519409,-0.5992312431335449,-0.40327078104019165,-0.48326748609542847,-0.4092315435409546,-0.46391454339027405,-0.4390476942062378,-0.4956452250480652,-0.43236327171325684,-0.5376214385032654,-0.45891958475112915,-0.5481155514717102,-0.4424043893814087,-0.662701427936554
-0.39098072052001953,-0.5319328308105469,-0.40621519088745117,-0.1589525043964386,-0.4238496422767639,-0.919079065322876,-0.4514539837837219,-0.2954663336277008,-0.44301196932792664,-0.3176952004432678,-0.46926724910736084,-0.5714762210845947,-0.4794153571128845,-0.40849119424819946,-0.4863637685775757,-0.1330711841583252,-0.4848816990852356,-0.325552761554718,-0.47785913944244385,-0.7068747282028198,-0.481966495513916,-0.2493390142917633,-0.501629650592804,-0.5867629051208496,-0.4817562997341156,-0.7313035726547241,-0.5013243556022644,-0.23009002208709717,-0.49882879853248596,-0.6040025353431702,-0.37644630670547485,-0.5643129348754883,-0.3338267207145691,-0.600855827331543,-0.3591441512107849,-0.6457861661911011,-0.3624296188354492,-0.5228562951087952,-0.37466660141944885,-0.5793893933296204,-0.3855348825454712,-0.5471985936164856,-0.40484675765037537,-0.5789743065834045,-0.3896040916442871,-0.5332509279251099,-0.3928360342979431,-0.5975973606109619,-0.40268462896347046,-0.4816625416278839,-0.4086688160896301,-0.4661841094493866,-0.4385189414024353,-0.49372828006744385,-0.43187040090560913,-0.5369143486022949,-0.45857447385787964,-0.5471439361572266,-0.4420143961906433,-0.6626179218292236
-0.39100730419158936,-0.5434768795967102,-0.4062632918357849,-0.16655373573303223,-0.42376407980918884,-0.9178112745285034,-0.4513198137283325,-0.2880837917327881,-0.44295966625213623,-0.3186149597167969,-0.4690450429916382,-0.5666841864585876,-0.4790579676628113,-0.40910646319389343,-0.48597264289855957,-0.1331377923488617,-0.48449742794036865,-0.32305848598480225,-0.4775086045265198,-0.701339066028595,-0.4816293716430664,-0.253324419260025,-0.5012148022651672,-0.5891692638397217,-0.48129135370254517,-0.7281360030174255,-0.5008357763290405,-0.22990158200263977,-0.49829769134521484,-0.6033953428268433,-0.37613457441329956,-0.5632153749465942,-0.33351337909698486,-0.6016538143157959,-0.35885506868362427,-0.6482177972793579,-0.3620518445968628,-0.5207024216651917,-0.3742777407169342,-0.57887864112854,-0.38514479994773865,-0.5455936193466187,-0.4045032262802124,-0.5768037438392639,-0.38913774490356445,-0.5328931212425232,-0.3923029899597168,-0.5962643027305603,-0.40221142768859863,-0.4803594648838043,-0.40821683406829834,-0.46817746758461,-0.4380931258201599,-0.4921608865261078,-0.43147093057632446,-0.5364146828651428,-0.4582955837249756,-0.5464463829994202,-0.4416891932487488,-0.6627185344696045
-0.39107775688171387,-0.5538760423660278,-0.4063490033149719,-0.1735694408416748,-0.4237300157546997,-0.9165565967559814,-0.45123738050460815,-0.28144901990890503,-0.4429568648338318,-0.3200749158859253,-0.46888095140457153,-0.5628411769866943,-0.47877323627471924,-0.40980854630470276,-0.48564428091049194,-0.1334267258644104,-0.48417940735816956,-0.32102125883102417,-0.4772132635116577,-0.6962577104568481,-0.4813486337661743,-0.2571525573730469,-0.5008520483970642,-0.5911219716072083,-0.4808924198150635,-0.7251888513565063,-0.5004127025604248,-0.22996538877487183,-0.49782446026802063,-0.6032462120056152,-0.37593966722488403,-0.5623599290847778,-0.3333204686641693,-0.602393388748169,-0.3586636781692505,-0.650353193283081,-0.3617965579032898,-0.5189160704612732,-0.37400466203689575,-0.5785186886787415,-0.3848656415939331,-0.544266939163208,-0.40425944328308105,-0.5750231146812439,-0.3887844979763031,-0.5326567888259888,-0.39188724756240845,-0.5951641201972961,-0.40184125304222107,-0.4792933166027069,-0.40786588191986084,-0.4699348509311676,-0.43776193261146545,-0.49091750383377075,-0.4311560392379761,-0.5361074805259705,-0.45807820558547974,-0.5459690093994141,-0.4414307773113251,-0.6629204750061035
-0.3911076784133911,-0.5629620552062988,-0.40638625621795654,-0.17990493774414062,-0.42366304993629456,-0.9152584075927734,-0.45112887024879456,-0.27546000480651855,-0.442920982837677,-0.3217872381210327,-0.46869558095932007,-0.5598071813583374,-0.4784811735153198,-0.4104686975479126,-0.4853089451789856,-0.13394030928611755,-0.4838564693927765,-0.3194018006324768,-0.4769022464752197,-0.6916196346282959,-0.4810539484024048,-0.2606258988380432,-0.5004820227622986,-0.5926142930984497,-0.48049867153167725,-0.7224324941635132,-0.5000014305114746,-0.23025980591773987,-0.49735310673713684,-0.6034749746322632,-0.37575632333755493,-0.5616514682769775,-0.3331418037414551,-0.6030087471008301,-0.35846924781799316,-0.6520704030990601,-0.3615569472312927,-0.5174127221107483,-0.37374234199523926,-0.5782283544540405,-0.38459500670433044,-0.5431468486785889,-0.40401822328567505,-0.5735255479812622,-0.3884454071521759,-0.5324461460113525,-0.39149361848831177,-0.5942069888114929,-0.40148383378982544,-0.4783673882484436,-0.40752267837524414,-0.4712800681591034,-0.4374304413795471,-0.4898568391799927,-0.4308324456214905,-0.5358292460441589,-0.45783329010009766,-0.5455707311630249,-0.44115203619003296,-0.6630922555923462
-0.3910907804965973,-0.570885956287384,-0.4063618779182434,-0.18550646305084229,-0.4235496520996094,-0.9139244556427002,-0.4509750008583069,-0.26997873187065125,-0.4428342580795288,-0.3236899673938751,-0.468471884727478,-0.5575641393661499,-0.4781638979911804,-0.41105565428733826,-0.48495185375213623,-0.13473203778266907,-0.4835125505924225,-0.3181018829345703,-0.4765596389770508,-0.6873719692230225,-0.48072677850723267,-0.26365363597869873,-0.5000886917114258,-0.5936388969421387,-0.4800921082496643,-0.719810962677002,-0.4995843172073364,-0.2307310402393341,-0.4968664348125458,-0.6040898561477661,-0.3755702078342438,-0.5610550045967102,-0.3329624533653259,-0.6034772396087646,-0.35825929045677185,-0.653400719165802,-0.36131852865219116,-0.5161489844322205,-0.3734742999076843,-0.5779654383659363,-0.3843163847923279,-0.5421950221061707,-0.4037645161151886,-0.5722733736038208,-0.38810479640960693,-0.5322326421737671,-0.39110830426216125,-0.5933730006217957,-0.40112680196762085,-0.47756510972976685,-0.40717506408691406,-0.4722139537334442,-0.43708735704421997,-0.48895877599716187,-0.430489182472229,-0.535567581653595,-0.4575513005256653,-0.5452381372451782,-0.44084620475769043,-0.6632064580917358
-0.3910096287727356,-0.5777562260627747,-0.4062587022781372,-0.19042369723320007,-0.4233723282814026,-0.9125900864601135,-0.45075827836990356,-0.2648361921310425,-0.4426787197589874,-0.32568687200546265,-0.46819353103637695,-0.5560697913169861,-0.4778044819831848,-0.41156747937202454,-0.4845583438873291,-0.13587239384651184,-0.4831329882144928,-0.31704872846603394,-0.476171612739563,-0.6835132837295532,-0.48035305738449097,-0.26616132259368896,-0.4996604323387146,-0.5942333340644836,-0.47965916991233826,-0.7173131108283997,-0.4991486072540283,-0.23137670755386353,-0.49635252356529236,-0.6050971150398254,-0.37535375356674194,-0.5605471730232239,-0.3327541649341583,-0.6038055419921875,-0.3580084443092346,-0.6543586254119873,-0.36105358600616455,-0.5150918960571289,-0.3731732964515686,-0.5777167081832886,-0.38400334119796753,-0.5413852334022522,-0.40347373485565186,-0.5712239742279053,-0.38773736357688904,-0.5320004224777222,-0.3907066583633423,-0.5926361083984375,-0.40074753761291504,-0.47686126828193665,-0.40679997205734253,-0.4727485775947571,-0.4367107152938843,-0.4881868064403534,-0.4301055669784546,-0.5352950692176819,-0.45721447467803955,-0.5449453592300415,-0.44049447774887085,-0.6632463932037354
-0.39087650179862976,-0.5836969614028931,-0.406089723110199,-0.19477730989456177,-0.42314380407333374,-0.9113430976867676,-0.4504880905151367,-0.2597786784172058,-0.4424634873867035,-0.3277875781059265,-0.46786949038505554,-0.555307149887085,-0.47741085290908813,-0.41201189160346985,-0.4841371178627014,-0.1374417245388031,-0.48272618651390076,-0.31604528427124023,-0.47574669122695923,-0.6800158023834229,-0.47994065284729004,-0.2681442201137543,-0.49920445680618286,-0.5944280624389648,-0.4792051613330841,-0.7149083018302917,-0.49869829416275024,-0.23221758008003235,-0.4958173632621765,-0.6065049171447754,-0.375113308429718,-0.5601177215576172,-0.33252325654029846,-0.6040100455284119,-0.35772472620010376,-0.6550034880638123,-0.3607683777809143,-0.5142144560813904,-0.3728456497192383,-0.577476978302002,-0.38366198539733887,-0.5406959652900696,-0.4031519591808319,-0.57035231590271,-0.3873479962348938,-0.5317497253417969,-0.3902929127216339,-0.591985821723938,-0.40035122632980347,-0.4762464761734009,-0.40640270709991455,-0.47294095158576965,-0.43630746006965637,-0.4875319302082062,-0.42968952655792236,-0.5350183844566345,-0.4568329453468323,-0.5446953773498535,-0.4401059150695801,-0.6632212400436401
-0.3907465934753418,-0.5878889560699463,-0.4059377908706665,-0.19970104098320007,-0.42295727133750916,-0.9111343622207642,-0.45025336742401123,-0.25247922539711,-0.44225239753723145,-0.3305494785308838,-0.4675518274307251,-0.5556391477584839,-0.4770302176475525,-0.4129142761230469,-0.4837384819984436,-0.13996782898902893,-0.48234161734580994,-0.3131198287010193,-0.4753214716911316,-0.6775779724121094,-0.47952425479888916,-0.2696777582168579,-0.4987480640411377,-0.5942268371582031,-0.47875118255615234,-0.7125767469406128,-0.49824899435043335,-0.23341473937034607,-0.4952777922153473,-0.6080390810966492,-0.37491655349731445,-0.5598060488700867,-0.3323379158973694,-0.6041482090950012,-0.3574792146682739,-0.655426561832428,-0.3605350852012634,-0.5135188698768616,-0.3725663423538208,-0.5772711634635925,-0.38336750864982605,-0.5401339530944824,-0.40286964178085327,-0.5696733593940735,-0.38700592517852783,-0.5315083861351013,-0.38993436098098755,-0.5914440751075745,-0.4000065326690674,-0.4757392704486847,-0.4060525894165039,-0.47290584444999695,-0.43595457077026367,-0.4870302379131317,-0.4293252229690552,-0.5347579717636108,-0.45648840069770813,-0.544514536857605,-0.439755916595459,-0.6631677746772766
-0.39058467745780945,-0.5912794470787048,-0.4057502746582031,-0.20446887612342834,-0.4227496385574341,-0.9111400842666626,-0.4499957859516144,-0.24475416541099548,-0.44201037287712097,-0.33333009481430054,-0.46722033619880676,-0.5566208958625793,-0.47664496302604675,-0.41367411613464355,-0.4833443760871887,-0.14304989576339722,-0.4819625914096832,-0.3097888231277466,-0.474892258644104,-0.6752415895462036,-0.47910404205322266,-0.270827054977417,-0.4982948303222656,-0.5936566591262817,-0.47830671072006226,-0.7101627588272095,-0.4978157877922058,-0.23511278629302979,-0.49475154280662537,-0.6099512577056885,-0.374710351228714,-0.5595393776893616,-0.3321456015110016,-0.6041754484176636,-0.35721784830093384,-0.6555982232093811,-0.36029189825057983,-0.5129261016845703,-0.3722737729549408,-0.5770668983459473,-0.38305896520614624,-0.5396377444267273,-0.4025689661502838,-0.5690947771072388,-0.38665109872817993,-0.5312302112579346,-0.3895696997642517,-0.5909174680709839,-0.399653822183609,-0.47524699568748474,-0.4056870937347412,-0.4726109504699707,-0.4355819821357727,-0.486578106880188,-0.42893853783607483,-0.5344692468643188,-0.4561150074005127,-0.5443549156188965,-0.439380407333374,-0.6630625128746033
-0.39033693075180054,-0.5961251258850098,-0.40541398525238037,-0.2068597376346588,-0.4223802089691162,-0.9094306230545044,-0.44956859946250916,-0.2411498725414276,-0.4416463375091553,-0.3352598547935486,-0.46680402755737305,-0.5573819279670715,-0.476188987493515,-0.41317203640937805,-0.4828757643699646,-0.14564594626426697,-0.48150867223739624,-0.309924453496933,-0.4744065999984741,-0.6713278889656067,-0.4786279797554016,-0.27150359749794006,-0.49780160188674927,-0.5927916765213013,-0.47783616185188293,-0.7076827883720398,-0.4973711371421814,-0.23686933517456055,-0.49421343207359314,-0.612871527671814,-0.37440699338912964,-0.5591963529586792,-0.331856906414032,-0.6040538549423218,-0.35684865713119507,-0.6555459499359131,-0.35993924736976624,-0.5123547911643982,-0.37185806035995483,-0.5768025517463684,-0.38262438774108887,-0.539128303527832,-0.40214717388153076,-0.568522036075592,-0.38617515563964844,-0.5308851599693298,-0.38908836245536804,-0.5903716683387756,-0.3991779088973999,-0.4747406840324402,-0.4051898717880249,-0.47207579016685486,-0.435062438249588,-0.48610058426856995,-0.42838719487190247,-0.5341518521308899,-0.4555782675743103,-0.5441845059394836,-0.43885818123817444,-0.6628680229187012
-0.3900754451751709,-0.6010452508926392,-0.40503910183906555,-0.2086479365825653,-0.42197340726852417,-0.9076851010322571,-0.4490842819213867,-0.23764508962631226,-0.44122642278671265,-0.3377549946308136,-0.4663374423980713,-0.5587068796157837,-0.47568628191947937,-0.41265878081321716,-0.4823540449142456,-0.14864355325698853,-0.48099708557128906,-0.3104221224784851,-0.4738585650920868,-0.6676279306411743,-0.478082537651062,-0.2716439962387085,-0.4972454905509949,-0.5916415452957153,-0.47730013728141785,-0.7053868770599365,-0.49686098098754883,-0.23835772275924683,-0.49360838532447815,-0.6163285970687866,-0.3741026520729065,-0.5588874220848083,-0.3315667510032654,-0.6039218902587891,-0.35647380352020264,-0.6554552316665649,-0.3595878779888153,-0.511886477470398,-0.3714306950569153,-0.5765478610992432,-0.3821735680103302,-0.5386675596237183,-0.40170955657958984,-0.5680601000785828,-0.38568323850631714,-0.5305809378623962,-0.3885945677757263,-0.5899549126625061,-0.3986838459968567,-0.4743668735027313,-0.40467268228530884,-0.4715630114078522,-0.43452614545822144,-0.4857732653617859,-0.42781102657318115,-0.5339130163192749,-0.4550100266933441,-0.5440935492515564,-0.43831148743629456,-0.6626701354980469
-0.38976648449897766,-0.6059977412223816,-0.40460503101348877,-0.21025189757347107,-0.42150795459747314,-0.9059253931045532,-0.4485372006893158,-0.23393908143043518,-0.4407384395599365,-0.34037506580352783,-0.4658159613609314,-0.5605267286300659,-0.47513195872306824,-0.412017822265625,-0.4817817807197571,-0.1521221399307251,-0.4804317355155945,-0.3111565113067627,-0.4732528030872345,-0.6639585494995117,-0.4774780869483948,-0.2713192105293274,-0.4966379404067993,-0.5902129411697388,-0.4767134189605713,-0.7030819058418274,-0.4963034391403198,-0.23996004462242126,-0.49295440316200256,-0.6202722191810608,-0.3737601637840271,-0.5585797429084778,-0.3312406837940216,-0.6037170886993408,-0.3560575246810913,-0.6552180647850037,-0.35919421911239624,-0.5114631056785583,-0.3709558844566345,-0.5762977600097656,-0.3816729784011841,-0.5382170677185059,-0.401222288608551,-0.5676369667053223,-0.38514024019241333,-0.5302696824073792,-0.3880527913570404,-0.5895475149154663,-0.3981427252292633,-0.47399890422821045,-0.40410250425338745,-0.47098422050476074,-0.433935284614563,-0.48548421263694763,-0.4271765351295471,-0.5336681008338928,-0.4543856382369995,-0.5440027713775635,-0.43770790100097656,-0.6624488234519958
-0.3894460201263428,-0.6110526919364929,-0.404144823551178,-0.21167337894439697,-0.421019971370697,-0.9041339159011841,-0.4479547142982483,-0.230128675699234,-0.4402191638946533,-0.34326836466789246,-0.46527260541915894,-0.562774658203125,-0.4745602607727051,-0.4111727774143219,-0.4811922311782837,-0.1560395359992981,-0.47984856367111206,-0.31198257207870483,-0.47262653708457947,-0.6600801348686218,-0.4768511652946472,-0.27072805166244507,-0.49601221084594727,-0.5884940028190613,-0.47611045837402344,-0.7006732821464539,-0.4957309663295746,-0.24182143807411194,-0.4922834038734436,-0.6247329115867615,-0.37340807914733887,-0.5582827925682068,-0.3309067487716675,-0.6034678816795349,-0.3556273579597473,-0.654922604560852,-0.35878926515579224,-0.5110793113708496,-0.3704615831375122,-0.5760446190834045,-0.38115087151527405,-0.5377745628356934,-0.40071234107017517,-0.5672628283500671,-0.384573757648468,-0.5299534201622009,-0.38749179244041443,-0.5891662836074829,-0.39758098125457764,-0.4736623764038086,-0.40350624918937683,-0.470363587141037,-0.43331849575042725,-0.4852604269981384,-0.42651045322418213,-0.5334618091583252,-0.45372945070266724,-0.543959379196167,-0.43707504868507385,-0.6622342467308044
-0.38909903168678284,-0.6162228584289551,-0.4036467969417572,-0.21297776699066162,-0.42049679160118103,-0.9022935628890991,-0.4473270773887634,-0.22617381811141968,-0.4396577477455139,-0.3464322090148926,-0.46469646692276,-0.5654088854789734,-0.47395941615104675,-0.41016295552253723,-0.48057353496551514,-0.16037410497665405,-0.4792356491088867,-0.31291621923446655,-0.471967875957489,-0.6560125946998596,-0.47618991136550903,-0.26988592743873596,-0.4953574538230896,-0.5865138173103333,-0.47547951340675354,-0.6981748342514038,-0.49513185024261475,-0.24392327666282654,-0.4915844798088074,-0.6296724677085876,-0.37303054332733154,-0.5579864382743835,-0.33054864406585693,-0.6031882762908936,-0.3551686108112335,-0.6545664072036743,-0.3583567142486572,-0.5107225775718689,-0.3699328303337097,-0.5757914185523987,-0.38059258460998535,-0.53733229637146,-0.40016645193099976,-0.566916286945343,-0.3839699327945709,-0.5296311974525452,-0.3868969678878784,-0.5888010859489441,-0.39698487520217896,-0.4733458161354065,-0.402870774269104,-0.46972566843032837,-0.43266260623931885,-0.4850828945636749,-0.4258004426956177,-0.5332791805267334,-0.453030526638031,-0.543948233127594,-0.43640053272247314,-0.6620233654975891
-0.3887290358543396,-0.6215587854385376,-0.4031144082546234,-0.21421661972999573,-0.41994136571884155,-0.900406539440155,-0.44665634632110596,-0.22207364439964294,-0.439057320356369,-0.34987953305244446,-0.4640895128250122,-0.5683966875076294,-0.4733312129974365,-0.40899527072906494,-0.4799268841743469,-0.16510018706321716,-0.4785947799682617,-0.31394824385643005,-0.4712795913219452,-0.6517311334609985,-0.47549718618392944,-0.26883935928344727,-0.4946756958961487,-0.5842958092689514,-0.47482240200042725,-0.6955738663673401,-0.4945068061351776,-0.24625679850578308,-0.4908580780029297,-0.6350840926170349,-0.37262845039367676,-0.557692289352417,-0.33016711473464966,-0.6028811931610107,-0.3546817898750305,-0.6541717648506165,-0.3578975200653076,-0.5103888511657715,-0.36937034130096436,-0.575538158416748,-0.3799992799758911,-0.5368879437446594,-0.3995856046676636,-0.5665954351425171,-0.38332992792129517,-0.529303252696991,-0.38626980781555176,-0.5884514451026917,-0.3963562250137329,-0.4730489253997803,-0.40219810605049133,-0.4690757989883423,-0.4319705069065094,-0.4849550127983093,-0.42504945397377014,-0.5331310629844666,-0.4522923529148102,-0.5439743995666504,-0.4356878399848938,-0.6618260145187378
-0.38833338022232056,-0.6270695924758911,-0.40254688262939453,-0.2154357135295868,-0.4193527102470398,-0.8984736800193787,-0.44594305753707886,-0.217828631401062,-0.4384186267852783,-0.3535875976085663,-0.4634513854980469,-0.5716972947120667,-0.4726751744747162,-0.4076920449733734,-0.47925180196762085,-0.17018729448318481,-0.4779260754585266,-0.31507766246795654,-0.47056207060813904,-0.6472480893135071,-0.47477370500564575,-0.26762160658836365,-0.4939678907394409,-0.5818700790405273,-0.4741399884223938,-0.6928730010986328,-0.49385613203048706,-0.24881869554519653,-0.4901043772697449,-0.6409275531768799,-0.3721964955329895,-0.5573998689651489,-0.32975682616233826,-0.6025553345680237,-0.35416221618652344,-0.6537452936172485,-0.3574066460132599,-0.510073721408844,-0.3687698245048523,-0.575287938117981,-0.37936729192733765,-0.5364397764205933,-0.3989664912223816,-0.5662928223609924,-0.38265058398246765,-0.52897047996521,-0.38560715317726135,-0.5881142616271973,-0.39569246768951416,-0.47276830673217773,-0.401486337184906,-0.468423068523407,-0.4312405586242676,-0.4848710894584656,-0.4242563247680664,-0.5330167412757874,-0.4515145421028137,-0.5440351963043213,-0.4349358081817627,-0.6616465449333191
-0.387912392616272,-0.6327587366104126,-0.4019455909729004,-0.21666499972343445,-0.4187324047088623,-0.8965041637420654,-0.4451892375946045,-0.21345829963684082,-0.4377444386482239,-0.3575405478477478,-0.4627838432788849,-0.5752701759338379,-0.4719928801059723,-0.4062750041484833,-0.47855013608932495,-0.1755971610546112,-0.47723183035850525,-0.3162989020347595,-0.4698185622692108,-0.6425780057907104,-0.4740230143070221,-0.2662724256515503,-0.49323731660842896,-0.5792672634124756,-0.4734352231025696,-0.6900771856307983,-0.4931819438934326,-0.2515968382358551,-0.4893254339694977,-0.6471641063690186,-0.3717324733734131,-0.5571123361587524,-0.3293154239654541,-0.602217435836792,-0.3536079227924347,-0.6532996892929077,-0.35688263177871704,-0.5097770094871521,-0.36813026666641235,-0.5750439763069153,-0.37869614362716675,-0.5359888076782227,-0.3983088433742523,-0.5660067200660706,-0.3819323778152466,-0.5286346077919006,-0.3849097788333893,-0.5877901315689087,-0.3949947953224182,-0.4725046455860138,-0.400737464427948,-0.4677724242210388,-0.4304751753807068,-0.484832227230072,-0.4234240651130676,-0.5329422354698181,-0.4507002830505371,-0.5441336035728455,-0.4341474771499634,-0.6614918112754822